id,term_code,gender,race_ethnicity,age,college,degree,major,program,term_gpa,persisted_w3_to_end,undeclared_to_declared,Year1_Persistence,Year2_Persistence,Year3_Persistence,Year4_Persistence,Graduated,Dropped_Out,Year5_Persistence,Graduation_Year
S00001,202170,Male,Asian,25,Arts & Humanities,BA,Communication,BA,3.15,TRUE,FALSE,TRUE,FALSE,FALSE,TRUE,FALSE,FALSE,TRUE,
S00002,202170,Nonbinary,Asian,19,Education,BS,Human Development,BS,3.79,TRUE,FALSE,TRUE,TRUE,TRUE,TRUE,TRUE,FALSE,FALSE,4
S00003,202170,Female,Hispanic or Latino,23,Natural Sciences,BS,Mathematics,BS,1.86,TRUE,FALSE,TRUE,TRUE,TRUE,TRUE,TRUE,FALSE,TRUE,5
S00004,202170,Female,Hispanic or Latino,18,Business,BS,Finance,BS,2.69,TRUE,FALSE,TRUE,TRUE,TRUE,TRUE,TRUE,FALSE,TRUE,5
S00005,202170,Female,Asian,23,Arts & Humanities,BS,Studio Art,BS,2.04,TRUE,FALSE,FALSE,FALSE,TRUE,TRUE,FALSE,FALSE,TRUE,
S00006,202170,Male,Hispanic or Latino,20,Arts & Humanities,BA,English,BA,3.40,TRUE,FALSE,FALSE,FALSE,TRUE,TRUE,TRUE,FALSE,TRUE,5
S00007,202170,Nonbinary,White,18,Arts & Humanities,BBA,Studio Art,BBA,3.28,TRUE,FALSE,FALSE,FALSE,FALSE,FALSE,FALSE,TRUE,FALSE,
S00008,202170,Female,Black or African American,25,Business,BFA,Accounting,BFA,2.59,TRUE,FALSE,TRUE,TRUE,TRUE,TRUE,TRUE,FALSE,TRUE,5
S00009,202170,Male,Two or more races,23,Business,BFA,Marketing,BFA,3.48,TRUE,TRUE,TRUE,FALSE,TRUE,TRUE,FALSE,FALSE,TRUE,
S00010,202170,Male,Asian,23,Business,BS,Accounting,BS,2.40,TRUE,FALSE,TRUE,TRUE,TRUE,TRUE,FALSE,FALSE,TRUE,
S00011,202170,Male,Hispanic or Latino,23,Business,BA,Finance,BA,3.29,TRUE,FALSE,TRUE,TRUE,FALSE,FALSE,FALSE,TRUE,FALSE,
S00012,202170,Male,White,18,Business,BFA,Finance,BFA,3.08,TRUE,FALSE,TRUE,TRUE,FALSE,FALSE,FALSE,TRUE,FALSE,
S00013,202170,Nonbinary,Asian,19,Natural Sciences,BBA,Chemistry,BBA,1.94,TRUE,FALSE,TRUE,TRUE,TRUE,TRUE,FALSE,TRUE,FALSE,
S00014,202170,Nonbinary,White,21,Business,BFA,Marketing,BFA,1.83,TRUE,FALSE,TRUE,TRUE,TRUE,TRUE,TRUE,FALSE,FALSE,4
S00015,202170,Female,Asian,18,Education,BA,Education Studies,BA,3.34,TRUE,FALSE,FALSE,FALSE,FALSE,TRUE,TRUE,FALSE,FALSE,4
S00016,202170,Female,Asian,20,Engineering,BBA,Computer Science,BBA,3.62,TRUE,FALSE,TRUE,TRUE,TRUE,TRUE,TRUE,FALSE,FALSE,4
S00017,202170,Male,Hispanic or Latino,22,Arts & Humanities,BS,English,BS,3.78,TRUE,FALSE,TRUE,TRUE,TRUE,TRUE,TRUE,FALSE,TRUE,5
S00018,202170,Male,Black or African American,18,Education,BBA,Teaching,BBA,2.43,TRUE,FALSE,TRUE,TRUE,TRUE,FALSE,TRUE,FALSE,TRUE,5
S00019,202170,Male,Hispanic or Latino,23,Business,BA,Accounting,BA,3.61,TRUE,FALSE,TRUE,TRUE,FALSE,FALSE,FALSE,TRUE,FALSE,
S00020,202170,Female,Asian,23,Natural Sciences,BS,Mathematics,BS,2.92,TRUE,FALSE,TRUE,TRUE,TRUE,TRUE,TRUE,FALSE,TRUE,5
S00021,202170,Female,Black or African American,23,Natural Sciences,BS,Mathematics,BS,3.01,FALSE,FALSE,TRUE,TRUE,TRUE,TRUE,TRUE,FALSE,TRUE,5
S00022,202170,Male,White,19,Engineering,BFA,Mechanical Engineering,BFA,3.72,TRUE,FALSE,TRUE,FALSE,FALSE,TRUE,TRUE,FALSE,TRUE,5
S00023,202170,Nonbinary,White,18,Business,BBA,Finance,BBA,2.17,TRUE,FALSE,TRUE,TRUE,TRUE,TRUE,TRUE,FALSE,FALSE,4
S00024,202170,Male,White,20,Education,BFA,Education Studies,BFA,2.83,TRUE,FALSE,TRUE,TRUE,TRUE,TRUE,FALSE,FALSE,TRUE,
S00025,202170,Female,Hispanic or Latino,18,Engineering,BFA,Electrical Engineering,BFA,1.82,TRUE,FALSE,TRUE,TRUE,TRUE,FALSE,TRUE,FALSE,FALSE,3
S00026,202170,Nonbinary,Asian,25,Natural Sciences,BA,Biology,BA,1.88,FALSE,FALSE,TRUE,FALSE,FALSE,FALSE,FALSE,FALSE,TRUE,
S00027,202170,Male,Black or African American,22,Business,BS,Marketing,BS,2.15,TRUE,FALSE,TRUE,TRUE,TRUE,TRUE,TRUE,FALSE,FALSE,4
S00028,202170,Male,White,24,Engineering,BA,Mechanical Engineering,BA,2.01,TRUE,FALSE,TRUE,TRUE,TRUE,TRUE,TRUE,FALSE,TRUE,5
S00029,202170,Nonbinary,Hispanic or Latino,20,Business,BBA,Accounting,BBA,3.39,TRUE,FALSE,FALSE,FALSE,FALSE,FALSE,FALSE,TRUE,FALSE,
S00030,202170,Nonbinary,Hispanic or Latino,18,Education,BA,Teaching,BA,3.25,TRUE,FALSE,TRUE,TRUE,TRUE,TRUE,TRUE,FALSE,FALSE,4
S00031,202170,Male,Black or African American,24,Business,BBA,Finance,BBA,2.09,TRUE,FALSE,FALSE,FALSE,TRUE,TRUE,TRUE,FALSE,FALSE,4
S00032,202170,Female,White,21,Engineering,BFA,Mechanical Engineering,BFA,3.51,TRUE,FALSE,TRUE,TRUE,TRUE,TRUE,FALSE,FALSE,TRUE,
S00033,202170,Female,Asian,24,Education,BFA,Education Studies,BFA,2.11,TRUE,FALSE,TRUE,TRUE,TRUE,TRUE,TRUE,FALSE,TRUE,5
S00034,202170,Nonbinary,Hispanic or Latino,18,Education,BFA,Human Development,BFA,2.83,TRUE,FALSE,TRUE,TRUE,TRUE,TRUE,TRUE,FALSE,TRUE,5
S00035,202170,Nonbinary,Hispanic or Latino,23,Natural Sciences,BS,Biology,BS,3.49,TRUE,FALSE,TRUE,FALSE,FALSE,TRUE,TRUE,FALSE,TRUE,5
S00036,202170,Nonbinary,Hispanic or Latino,23,Arts & Humanities,BA,English,BA,3.97,TRUE,FALSE,TRUE,TRUE,TRUE,TRUE,FALSE,TRUE,FALSE,
S00037,202170,Nonbinary,Black or African American,20,Engineering,BA,Electrical Engineering,BA,2.61,TRUE,FALSE,TRUE,TRUE,FALSE,TRUE,TRUE,FALSE,FALSE,4
S00038,202170,Female,Hispanic or Latino,24,Engineering,BA,Computer Science,BA,2.43,TRUE,FALSE,TRUE,FALSE,TRUE,TRUE,TRUE,FALSE,FALSE,4
S00039,202170,Male,Black or African American,25,Business,BS,Marketing,BS,2.06,TRUE,FALSE,TRUE,TRUE,FALSE,TRUE,TRUE,FALSE,FALSE,4
S00040,202170,Male,Two or more races,24,Business,BFA,Marketing,BFA,2.65,TRUE,FALSE,TRUE,TRUE,TRUE,TRUE,TRUE,FALSE,FALSE,4
S00041,202170,Nonbinary,White,23,Engineering,BS,Mechanical Engineering,BS,2.85,TRUE,FALSE,TRUE,TRUE,TRUE,TRUE,TRUE,FALSE,FALSE,4
S00042,202170,Male,Two or more races,19,Business,BFA,Marketing,BFA,2.12,TRUE,FALSE,TRUE,TRUE,TRUE,FALSE,FALSE,TRUE,FALSE,
S00043,202170,Female,Hispanic or Latino,18,Engineering,BA,Mechanical Engineering,BA,3.02,TRUE,FALSE,TRUE,TRUE,TRUE,TRUE,TRUE,FALSE,TRUE,5
S00044,202170,Nonbinary,White,24,Business,BS,Finance,BS,2.28,TRUE,FALSE,TRUE,TRUE,TRUE,TRUE,FALSE,FALSE,TRUE,
S00045,202170,Male,Black or African American,18,Education,BS,Human Development,BS,3.85,TRUE,FALSE,TRUE,TRUE,TRUE,TRUE,TRUE,FALSE,FALSE,4
S00046,202170,Nonbinary,White,25,Engineering,BFA,Mechanical Engineering,BFA,3.57,TRUE,FALSE,TRUE,TRUE,TRUE,TRUE,TRUE,FALSE,FALSE,4
S00047,202170,Male,Hispanic or Latino,19,Natural Sciences,BBA,Chemistry,BBA,2.27,TRUE,FALSE,TRUE,TRUE,TRUE,FALSE,TRUE,FALSE,FALSE,3
S00048,202170,Female,Hispanic or Latino,19,Engineering,BA,Computer Science,BA,2.47,TRUE,FALSE,TRUE,TRUE,TRUE,TRUE,FALSE,FALSE,TRUE,
S00049,202170,Nonbinary,Black or African American,25,Engineering,BBA,Mechanical Engineering,BBA,3.48,TRUE,FALSE,TRUE,TRUE,TRUE,TRUE,TRUE,FALSE,FALSE,4
S00050,202170,Female,Black or African American,19,Arts & Humanities,BA,Studio Art,BA,1.97,TRUE,FALSE,TRUE,TRUE,TRUE,TRUE,FALSE,FALSE,TRUE,
S00051,202170,Male,White,22,Education,BBA,Teaching,BBA,3.62,TRUE,FALSE,TRUE,TRUE,FALSE,FALSE,FALSE,TRUE,FALSE,
S00052,202170,Male,Hispanic or Latino,21,Engineering,BBA,Mechanical Engineering,BBA,3.08,TRUE,FALSE,TRUE,TRUE,FALSE,TRUE,TRUE,FALSE,TRUE,5
S00053,202170,Nonbinary,White,19,Business,BS,Accounting,BS,3.68,TRUE,FALSE,TRUE,TRUE,TRUE,TRUE,TRUE,FALSE,TRUE,5
S00054,202170,Nonbinary,Asian,23,Engineering,BBA,Mechanical Engineering,BBA,3.57,TRUE,FALSE,TRUE,TRUE,TRUE,FALSE,FALSE,FALSE,TRUE,
S00055,202170,Male,Two or more races,18,Engineering,BS,Mechanical Engineering,BS,2.92,TRUE,FALSE,TRUE,FALSE,FALSE,FALSE,FALSE,TRUE,FALSE,
S00056,202170,Male,Asian,18,Education,BS,Education Studies,BS,2.48,TRUE,FALSE,TRUE,TRUE,TRUE,TRUE,TRUE,FALSE,TRUE,5
S00057,202170,Male,Two or more races,23,Engineering,BBA,Electrical Engineering,BBA,2.29,TRUE,FALSE,TRUE,TRUE,TRUE,TRUE,TRUE,FALSE,TRUE,5
S00058,202170,Nonbinary,Black or African American,23,Education,BFA,Teaching,BFA,2.96,TRUE,FALSE,TRUE,TRUE,TRUE,TRUE,TRUE,FALSE,TRUE,5
S00059,202170,Male,White,23,Business,BA,Finance,BA,3.10,TRUE,FALSE,TRUE,TRUE,TRUE,FALSE,TRUE,FALSE,TRUE,5
S00060,202170,Female,Black or African American,22,Engineering,BS,Mechanical Engineering,BS,2.15,TRUE,FALSE,FALSE,FALSE,TRUE,TRUE,FALSE,FALSE,TRUE,
S00061,202170,Male,Asian,18,Arts & Humanities,BBA,English,BBA,3.40,TRUE,FALSE,TRUE,TRUE,FALSE,TRUE,TRUE,FALSE,TRUE,5
S00062,202170,Female,White,24,Natural Sciences,BFA,Biology,BFA,2.26,TRUE,FALSE,TRUE,TRUE,TRUE,TRUE,FALSE,TRUE,FALSE,
S00063,202170,Female,Asian,19,Arts & Humanities,BBA,English,BBA,3.29,TRUE,FALSE,FALSE,TRUE,TRUE,TRUE,TRUE,FALSE,TRUE,5
S00064,202170,Female,Asian,24,Education,BS,Teaching,BS,2.51,TRUE,FALSE,TRUE,TRUE,TRUE,TRUE,TRUE,FALSE,FALSE,4
S00065,202170,Female,Two or more races,22,Natural Sciences,BA,Biology,BA,2.54,TRUE,FALSE,TRUE,FALSE,FALSE,FALSE,TRUE,FALSE,TRUE,5
S00066,202170,Nonbinary,Black or African American,19,Arts & Humanities,BFA,Communication,BFA,2.73,TRUE,FALSE,TRUE,TRUE,TRUE,TRUE,FALSE,FALSE,TRUE,
S00067,202170,Nonbinary,Hispanic or Latino,18,Engineering,BFA,Mechanical Engineering,BFA,2.96,TRUE,TRUE,TRUE,TRUE,TRUE,TRUE,FALSE,TRUE,FALSE,
S00068,202170,Male,Asian,25,Education,BA,Teaching,BA,2.04,TRUE,TRUE,TRUE,FALSE,FALSE,FALSE,FALSE,TRUE,FALSE,
S00069,202170,Nonbinary,Hispanic or Latino,20,Engineering,BA,Computer Science,BA,3.00,TRUE,FALSE,FALSE,FALSE,TRUE,FALSE,FALSE,TRUE,FALSE,
S00070,202170,Nonbinary,Black or African American,21,Natural Sciences,BFA,Mathematics,BFA,1.89,TRUE,FALSE,FALSE,TRUE,TRUE,TRUE,TRUE,FALSE,FALSE,4
S00071,202170,Nonbinary,Asian,18,Education,BFA,Teaching,BFA,3.77,TRUE,FALSE,TRUE,TRUE,TRUE,TRUE,TRUE,FALSE,TRUE,5
S00072,202170,Female,Black or African American,24,Natural Sciences,BBA,Biology,BBA,2.62,TRUE,FALSE,TRUE,TRUE,TRUE,FALSE,FALSE,TRUE,FALSE,
S00073,202170,Female,Asian,18,Engineering,BS,Computer Science,BS,1.83,TRUE,FALSE,TRUE,TRUE,TRUE,TRUE,FALSE,TRUE,FALSE,
S00074,202170,Nonbinary,Two or more races,24,Education,BFA,Teaching,BFA,3.78,TRUE,FALSE,TRUE,TRUE,TRUE,FALSE,FALSE,TRUE,FALSE,
S00075,202170,Nonbinary,Hispanic or Latino,20,Engineering,BFA,Mechanical Engineering,BFA,3.55,TRUE,FALSE,TRUE,TRUE,TRUE,FALSE,TRUE,FALSE,FALSE,3
S00076,202170,Male,Asian,19,Arts & Humanities,BBA,Studio Art,BBA,1.91,TRUE,FALSE,TRUE,TRUE,TRUE,TRUE,FALSE,TRUE,FALSE,
S00077,202170,Nonbinary,Two or more races,25,Education,BBA,Human Development,BBA,3.21,TRUE,FALSE,TRUE,TRUE,TRUE,TRUE,TRUE,FALSE,FALSE,4
S00078,202170,Male,Two or more races,22,Engineering,BA,Electrical Engineering,BA,3.24,TRUE,FALSE,TRUE,TRUE,TRUE,TRUE,TRUE,FALSE,FALSE,4
S00079,202170,Male,Asian,23,Engineering,BS,Electrical Engineering,BS,1.82,TRUE,TRUE,TRUE,TRUE,TRUE,TRUE,FALSE,FALSE,TRUE,
S00080,202170,Male,Asian,22,Education,BS,Education Studies,BS,3.21,TRUE,FALSE,TRUE,TRUE,FALSE,FALSE,FALSE,TRUE,FALSE,
S00081,202170,Female,Black or African American,23,Business,BBA,Finance,BBA,2.57,TRUE,FALSE,TRUE,TRUE,TRUE,TRUE,TRUE,FALSE,FALSE,4
S00082,202170,Nonbinary,Asian,23,Education,BS,Human Development,BS,3.45,TRUE,FALSE,FALSE,TRUE,TRUE,TRUE,FALSE,FALSE,TRUE,
S00083,202170,Male,White,22,Natural Sciences,BS,Chemistry,BS,3.29,TRUE,FALSE,FALSE,FALSE,FALSE,FALSE,FALSE,FALSE,TRUE,
S00084,202170,Nonbinary,White,24,Engineering,BA,Computer Science,BA,3.34,TRUE,FALSE,TRUE,TRUE,TRUE,TRUE,TRUE,FALSE,FALSE,4
S00085,202170,Male,Asian,20,Education,BA,Education Studies,BA,3.00,TRUE,FALSE,TRUE,TRUE,TRUE,TRUE,TRUE,FALSE,FALSE,4
S00086,202170,Nonbinary,Two or more races,18,Education,BBA,Education Studies,BBA,1.83,TRUE,FALSE,TRUE,TRUE,TRUE,TRUE,FALSE,FALSE,TRUE,
S00087,202170,Male,Asian,21,Arts & Humanities,BBA,English,BBA,3.30,FALSE,FALSE,TRUE,TRUE,TRUE,TRUE,TRUE,FALSE,FALSE,4
S00088,202170,Male,White,21,Natural Sciences,BS,Biology,BS,3.51,TRUE,FALSE,TRUE,TRUE,TRUE,TRUE,FALSE,FALSE,TRUE,
S00089,202170,Male,Asian,21,Arts & Humanities,BA,Communication,BA,3.14,TRUE,FALSE,TRUE,TRUE,TRUE,TRUE,FALSE,FALSE,TRUE,
S00090,202170,Female,Asian,18,Business,BBA,Accounting,BBA,3.05,TRUE,FALSE,TRUE,TRUE,TRUE,TRUE,TRUE,FALSE,TRUE,5
S00091,202170,Female,White,23,Engineering,BFA,Computer Science,BFA,2.67,TRUE,TRUE,TRUE,TRUE,TRUE,TRUE,TRUE,FALSE,FALSE,4
S00092,202170,Female,Two or more races,18,Arts & Humanities,BS,Communication,BS,3.12,TRUE,FALSE,TRUE,FALSE,FALSE,FALSE,FALSE,TRUE,FALSE,
S00093,202170,Female,Black or African American,20,Education,BS,Human Development,BS,3.98,TRUE,FALSE,TRUE,TRUE,TRUE,TRUE,TRUE,FALSE,TRUE,5
S00094,202170,Male,Hispanic or Latino,23,Natural Sciences,BBA,Biology,BBA,3.34,TRUE,FALSE,TRUE,TRUE,TRUE,TRUE,TRUE,FALSE,TRUE,5
S00095,202170,Female,White,19,Education,BA,Human Development,BA,2.07,TRUE,FALSE,TRUE,TRUE,TRUE,TRUE,TRUE,FALSE,TRUE,5
S00096,202170,Male,Hispanic or Latino,21,Education,BFA,Education Studies,BFA,3.21,TRUE,FALSE,TRUE,FALSE,FALSE,TRUE,TRUE,FALSE,TRUE,5
S00097,202170,Female,Two or more races,19,Engineering,BBA,Computer Science,BBA,2.60,FALSE,FALSE,FALSE,FALSE,FALSE,FALSE,TRUE,FALSE,TRUE,5
S00098,202170,Male,Hispanic or Latino,24,Engineering,BBA,Computer Science,BBA,2.49,TRUE,TRUE,TRUE,TRUE,FALSE,FALSE,FALSE,TRUE,FALSE,
S00099,202170,Male,Asian,20,Natural Sciences,BA,Mathematics,BA,3.15,TRUE,FALSE,TRUE,TRUE,FALSE,FALSE,FALSE,FALSE,TRUE,
S00100,202170,Female,Hispanic or Latino,18,Business,BFA,Finance,BFA,3.45,TRUE,FALSE,FALSE,FALSE,FALSE,FALSE,FALSE,TRUE,FALSE,
S00101,202170,Female,Asian,22,Arts & Humanities,BBA,Studio Art,BBA,2.07,TRUE,FALSE,TRUE,TRUE,TRUE,TRUE,FALSE,TRUE,FALSE,
S00102,202170,Female,Hispanic or Latino,23,Natural Sciences,BS,Biology,BS,3.00,TRUE,FALSE,TRUE,TRUE,TRUE,TRUE,TRUE,FALSE,TRUE,5
S00103,202170,Male,Black or African American,24,Natural Sciences,BFA,Mathematics,BFA,2.70,TRUE,FALSE,TRUE,TRUE,TRUE,TRUE,TRUE,FALSE,FALSE,4
S00104,202170,Male,Black or African American,19,Education,BA,Education Studies,BA,3.65,TRUE,FALSE,TRUE,FALSE,FALSE,FALSE,FALSE,TRUE,FALSE,
S00105,202170,Nonbinary,Asian,23,Arts & Humanities,BS,Studio Art,BS,3.51,TRUE,FALSE,TRUE,FALSE,FALSE,FALSE,FALSE,TRUE,FALSE,
S00106,202170,Male,Asian,18,Business,BS,Finance,BS,3.22,TRUE,FALSE,TRUE,FALSE,FALSE,FALSE,TRUE,FALSE,TRUE,5
S00107,202170,Nonbinary,Hispanic or Latino,20,Arts & Humanities,BS,English,BS,3.73,TRUE,FALSE,TRUE,FALSE,FALSE,TRUE,TRUE,FALSE,FALSE,4
S00108,202170,Female,Hispanic or Latino,20,Business,BFA,Accounting,BFA,1.97,TRUE,FALSE,TRUE,TRUE,TRUE,TRUE,TRUE,FALSE,TRUE,5
S00109,202170,Nonbinary,Two or more races,24,Education,BA,Teaching,BA,2.17,TRUE,FALSE,TRUE,TRUE,TRUE,TRUE,TRUE,FALSE,TRUE,5
S00110,202170,Female,Two or more races,21,Engineering,BS,Computer Science,BS,2.29,TRUE,FALSE,TRUE,TRUE,FALSE,FALSE,TRUE,FALSE,TRUE,5
S00111,202170,Nonbinary,White,24,Engineering,BS,Electrical Engineering,BS,2.89,TRUE,FALSE,TRUE,TRUE,TRUE,TRUE,TRUE,FALSE,FALSE,4
S00112,202170,Female,Two or more races,18,Arts & Humanities,BA,Communication,BA,3.78,TRUE,FALSE,TRUE,TRUE,TRUE,TRUE,TRUE,FALSE,TRUE,5
S00113,202170,Female,White,20,Education,BBA,Teaching,BBA,2.34,TRUE,FALSE,TRUE,TRUE,TRUE,TRUE,TRUE,FALSE,TRUE,5
S00114,202170,Male,Asian,20,Business,BFA,Marketing,BFA,1.87,TRUE,FALSE,FALSE,FALSE,FALSE,TRUE,TRUE,FALSE,TRUE,5
S00115,202170,Female,Two or more races,25,Engineering,BA,Electrical Engineering,BA,3.49,TRUE,FALSE,TRUE,TRUE,TRUE,FALSE,FALSE,FALSE,TRUE,
S00116,202170,Nonbinary,Hispanic or Latino,24,Natural Sciences,BS,Chemistry,BS,2.91,TRUE,FALSE,FALSE,TRUE,TRUE,TRUE,TRUE,FALSE,FALSE,4
S00117,202170,Nonbinary,Hispanic or Latino,21,Arts & Humanities,BS,Studio Art,BS,3.13,TRUE,FALSE,TRUE,FALSE,TRUE,TRUE,TRUE,FALSE,FALSE,4
S00118,202170,Female,White,18,Education,BS,Human Development,BS,2.65,TRUE,FALSE,TRUE,TRUE,TRUE,FALSE,TRUE,FALSE,FALSE,3
S00119,202170,Male,Two or more races,18,Natural Sciences,BFA,Mathematics,BFA,2.73,TRUE,FALSE,TRUE,TRUE,TRUE,TRUE,FALSE,TRUE,FALSE,
S00120,202170,Nonbinary,Black or African American,22,Engineering,BS,Mechanical Engineering,BS,2.31,TRUE,FALSE,TRUE,TRUE,TRUE,TRUE,TRUE,FALSE,TRUE,5
S00121,202170,Nonbinary,Two or more races,18,Education,BA,Education Studies,BA,2.67,TRUE,FALSE,TRUE,TRUE,TRUE,TRUE,TRUE,FALSE,FALSE,4
S00122,202170,Nonbinary,Black or African American,25,Arts & Humanities,BFA,English,BFA,2.10,TRUE,FALSE,TRUE,TRUE,TRUE,TRUE,TRUE,FALSE,TRUE,5
S00123,202170,Nonbinary,Asian,23,Education,BFA,Human Development,BFA,3.45,TRUE,FALSE,TRUE,TRUE,TRUE,TRUE,FALSE,FALSE,TRUE,
S00124,202170,Male,Hispanic or Latino,18,Natural Sciences,BFA,Chemistry,BFA,2.43,TRUE,FALSE,TRUE,TRUE,TRUE,FALSE,FALSE,FALSE,TRUE,
S00125,202170,Nonbinary,Hispanic or Latino,21,Education,BBA,Education Studies,BBA,3.90,TRUE,FALSE,TRUE,TRUE,TRUE,TRUE,TRUE,FALSE,FALSE,4
S00126,202170,Male,White,21,Arts & Humanities,BFA,Studio Art,BFA,2.99,TRUE,FALSE,TRUE,FALSE,FALSE,TRUE,FALSE,TRUE,FALSE,
S00127,202170,Nonbinary,Black or African American,23,Education,BA,Human Development,BA,3.59,TRUE,FALSE,TRUE,TRUE,TRUE,TRUE,FALSE,FALSE,TRUE,
S00128,202170,Female,Black or African American,18,Natural Sciences,BBA,Mathematics,BBA,1.92,TRUE,FALSE,FALSE,TRUE,TRUE,FALSE,TRUE,FALSE,TRUE,5
S00129,202170,Nonbinary,Asian,21,Natural Sciences,BA,Mathematics,BA,3.90,TRUE,FALSE,TRUE,TRUE,TRUE,TRUE,FALSE,FALSE,TRUE,
S00130,202170,Nonbinary,Black or African American,23,Education,BS,Teaching,BS,2.97,TRUE,FALSE,TRUE,TRUE,FALSE,FALSE,FALSE,TRUE,FALSE,
S00131,202170,Female,White,24,Engineering,BBA,Electrical Engineering,BBA,2.05,TRUE,FALSE,TRUE,FALSE,TRUE,TRUE,FALSE,TRUE,FALSE,
S00132,202170,Nonbinary,White,22,Business,BA,Marketing,BA,2.81,TRUE,FALSE,TRUE,FALSE,TRUE,TRUE,TRUE,FALSE,FALSE,4
S00133,202170,Male,Two or more races,25,Education,BBA,Teaching,BBA,2.67,TRUE,TRUE,TRUE,TRUE,TRUE,TRUE,FALSE,TRUE,FALSE,
S00134,202170,Nonbinary,Hispanic or Latino,25,Business,BBA,Finance,BBA,3.95,TRUE,FALSE,TRUE,TRUE,FALSE,TRUE,FALSE,FALSE,TRUE,
S00135,202170,Female,Asian,25,Business,BA,Accounting,BA,3.79,TRUE,FALSE,TRUE,TRUE,FALSE,TRUE,TRUE,FALSE,TRUE,5
S00136,202170,Male,Hispanic or Latino,19,Education,BFA,Education Studies,BFA,3.22,TRUE,TRUE,TRUE,TRUE,TRUE,FALSE,TRUE,FALSE,FALSE,3
S00137,202170,Male,Black or African American,25,Engineering,BFA,Electrical Engineering,BFA,3.33,TRUE,FALSE,TRUE,TRUE,TRUE,TRUE,FALSE,FALSE,TRUE,
S00138,202170,Nonbinary,Hispanic or Latino,23,Education,BA,Education Studies,BA,3.57,TRUE,FALSE,TRUE,FALSE,FALSE,FALSE,FALSE,FALSE,TRUE,
S00139,202170,Female,Black or African American,21,Arts & Humanities,BA,English,BA,3.49,TRUE,FALSE,TRUE,TRUE,TRUE,TRUE,TRUE,FALSE,FALSE,4
S00140,202170,Female,Two or more races,20,Engineering,BA,Electrical Engineering,BA,3.11,TRUE,FALSE,TRUE,TRUE,TRUE,TRUE,TRUE,FALSE,FALSE,4
S00141,202170,Female,Asian,24,Arts & Humanities,BA,Communication,BA,2.46,TRUE,FALSE,TRUE,TRUE,TRUE,TRUE,FALSE,FALSE,TRUE,
S00142,202170,Male,White,22,Natural Sciences,BS,Mathematics,BS,2.64,TRUE,FALSE,TRUE,TRUE,TRUE,TRUE,TRUE,FALSE,TRUE,5
S00143,202170,Male,Asian,25,Natural Sciences,BBA,Chemistry,BBA,2.95,TRUE,FALSE,TRUE,TRUE,TRUE,TRUE,TRUE,FALSE,TRUE,5
S00144,202170,Female,Asian,24,Education,BBA,Education Studies,BBA,3.86,TRUE,FALSE,TRUE,TRUE,FALSE,FALSE,TRUE,FALSE,TRUE,5
S00145,202170,Female,White,18,Engineering,BFA,Electrical Engineering,BFA,1.86,TRUE,FALSE,FALSE,FALSE,FALSE,FALSE,FALSE,TRUE,FALSE,
S00146,202170,Nonbinary,Black or African American,22,Education,BA,Human Development,BA,3.94,TRUE,FALSE,TRUE,FALSE,FALSE,FALSE,TRUE,FALSE,TRUE,5
S00147,202170,Male,White,22,Natural Sciences,BFA,Chemistry,BFA,3.21,TRUE,TRUE,TRUE,TRUE,FALSE,TRUE,TRUE,FALSE,FALSE,4
S00148,202170,Female,Hispanic or Latino,21,Engineering,BS,Mechanical Engineering,BS,3.78,TRUE,FALSE,TRUE,TRUE,TRUE,TRUE,FALSE,TRUE,FALSE,
S00149,202170,Nonbinary,Two or more races,19,Business,BS,Finance,BS,3.74,TRUE,FALSE,TRUE,TRUE,TRUE,TRUE,TRUE,FALSE,TRUE,5
S00150,202170,Nonbinary,Hispanic or Latino,19,Engineering,BS,Computer Science,BS,3.64,TRUE,FALSE,TRUE,TRUE,TRUE,TRUE,TRUE,FALSE,TRUE,5
S00151,202170,Male,White,24,Business,BBA,Marketing,BBA,2.15,TRUE,FALSE,TRUE,TRUE,TRUE,TRUE,FALSE,FALSE,TRUE,
S00152,202170,Female,Hispanic or Latino,25,Business,BFA,Finance,BFA,3.13,TRUE,FALSE,FALSE,TRUE,TRUE,TRUE,FALSE,FALSE,TRUE,
S00153,202170,Male,White,18,Business,BFA,Accounting,BFA,2.23,FALSE,FALSE,TRUE,TRUE,TRUE,TRUE,TRUE,FALSE,TRUE,5
S00154,202170,Male,Black or African American,22,Education,BFA,Education Studies,BFA,2.24,TRUE,FALSE,TRUE,TRUE,TRUE,TRUE,FALSE,FALSE,TRUE,
S00155,202170,Female,Asian,24,Education,BA,Human Development,BA,3.21,TRUE,FALSE,TRUE,TRUE,FALSE,FALSE,FALSE,TRUE,FALSE,
S00156,202170,Male,White,18,Education,BBA,Teaching,BBA,3.71,TRUE,FALSE,TRUE,TRUE,TRUE,TRUE,TRUE,FALSE,TRUE,5
S00157,202170,Female,Two or more races,24,Natural Sciences,BS,Biology,BS,3.58,TRUE,FALSE,TRUE,TRUE,TRUE,TRUE,TRUE,FALSE,FALSE,4
S00158,202170,Female,Two or more races,23,Arts & Humanities,BFA,Studio Art,BFA,3.77,TRUE,FALSE,TRUE,TRUE,TRUE,TRUE,FALSE,FALSE,TRUE,
S00159,202170,Male,Black or African American,19,Business,BFA,Marketing,BFA,3.84,TRUE,FALSE,FALSE,FALSE,FALSE,FALSE,TRUE,FALSE,TRUE,5
S00160,202170,Male,Asian,22,Engineering,BFA,Mechanical Engineering,BFA,2.90,TRUE,FALSE,TRUE,FALSE,TRUE,TRUE,TRUE,FALSE,TRUE,5
S00161,202170,Female,White,19,Education,BS,Human Development,BS,3.92,TRUE,FALSE,TRUE,TRUE,TRUE,TRUE,TRUE,FALSE,FALSE,4
S00162,202170,Female,Hispanic or Latino,23,Business,BA,Finance,BA,3.72,TRUE,FALSE,TRUE,TRUE,TRUE,TRUE,TRUE,FALSE,TRUE,5
S00163,202170,Female,Two or more races,21,Engineering,BFA,Computer Science,BFA,3.35,TRUE,FALSE,TRUE,TRUE,TRUE,FALSE,TRUE,FALSE,FALSE,3
S00164,202170,Male,Hispanic or Latino,21,Engineering,BFA,Computer Science,BFA,2.09,TRUE,FALSE,TRUE,TRUE,TRUE,TRUE,TRUE,FALSE,FALSE,4
S00165,202170,Nonbinary,Hispanic or Latino,20,Engineering,BS,Electrical Engineering,BS,2.98,TRUE,FALSE,TRUE,TRUE,TRUE,TRUE,FALSE,FALSE,TRUE,
S00166,202170,Nonbinary,Black or African American,18,Business,BS,Marketing,BS,2.13,TRUE,FALSE,TRUE,TRUE,TRUE,TRUE,TRUE,FALSE,TRUE,5
S00167,202170,Nonbinary,White,19,Business,BFA,Marketing,BFA,3.73,TRUE,FALSE,TRUE,TRUE,TRUE,TRUE,FALSE,FALSE,TRUE,
S00168,202170,Male,Two or more races,21,Arts & Humanities,BA,English,BA,3.89,TRUE,FALSE,TRUE,TRUE,TRUE,TRUE,TRUE,FALSE,FALSE,4
S00169,202170,Male,Black or African American,22,Engineering,BFA,Electrical Engineering,BFA,2.89,TRUE,FALSE,TRUE,TRUE,TRUE,FALSE,TRUE,FALSE,TRUE,5
S00170,202170,Nonbinary,Hispanic or Latino,18,Engineering,BA,Mechanical Engineering,BA,2.01,TRUE,FALSE,TRUE,TRUE,FALSE,FALSE,TRUE,FALSE,TRUE,5
S00171,202170,Female,Black or African American,24,Arts & Humanities,BA,Communication,BA,3.90,TRUE,FALSE,TRUE,FALSE,FALSE,FALSE,FALSE,FALSE,TRUE,
S00172,202170,Male,White,23,Engineering,BFA,Electrical Engineering,BFA,3.02,FALSE,FALSE,TRUE,TRUE,TRUE,TRUE,TRUE,FALSE,TRUE,5
S00173,202170,Female,Hispanic or Latino,23,Engineering,BA,Mechanical Engineering,BA,3.09,TRUE,FALSE,TRUE,TRUE,TRUE,TRUE,FALSE,FALSE,TRUE,
S00174,202170,Nonbinary,Asian,18,Engineering,BBA,Mechanical Engineering,BBA,3.47,TRUE,FALSE,TRUE,TRUE,TRUE,TRUE,FALSE,FALSE,TRUE,
S00175,202170,Nonbinary,White,24,Business,BA,Finance,BA,3.47,TRUE,FALSE,TRUE,TRUE,TRUE,TRUE,FALSE,FALSE,TRUE,
S00176,202170,Male,Two or more races,20,Business,BBA,Marketing,BBA,3.14,TRUE,FALSE,TRUE,FALSE,TRUE,TRUE,TRUE,FALSE,TRUE,5
S00177,202170,Nonbinary,Hispanic or Latino,20,Natural Sciences,BA,Biology,BA,3.22,TRUE,FALSE,FALSE,FALSE,TRUE,TRUE,TRUE,FALSE,TRUE,5
S00178,202170,Nonbinary,White,24,Business,BFA,Marketing,BFA,3.05,TRUE,FALSE,TRUE,FALSE,TRUE,TRUE,TRUE,FALSE,TRUE,5
S00179,202170,Female,Hispanic or Latino,24,Engineering,BS,Electrical Engineering,BS,3.51,TRUE,FALSE,TRUE,TRUE,TRUE,TRUE,FALSE,FALSE,TRUE,
S00180,202170,Male,White,22,Arts & Humanities,BS,Communication,BS,3.63,TRUE,FALSE,TRUE,TRUE,TRUE,TRUE,TRUE,FALSE,FALSE,4
S00181,202170,Male,White,20,Business,BS,Finance,BS,3.98,TRUE,FALSE,TRUE,FALSE,FALSE,FALSE,FALSE,TRUE,FALSE,
S00182,202170,Nonbinary,White,25,Business,BA,Accounting,BA,2.43,TRUE,FALSE,FALSE,FALSE,TRUE,TRUE,TRUE,FALSE,TRUE,5
S00183,202170,Female,White,20,Business,BFA,Accounting,BFA,3.71,TRUE,FALSE,TRUE,TRUE,TRUE,TRUE,FALSE,TRUE,FALSE,
S00184,202170,Female,Black or African American,23,Arts & Humanities,BBA,English,BBA,3.16,TRUE,FALSE,TRUE,FALSE,FALSE,FALSE,FALSE,TRUE,FALSE,
S00185,202170,Nonbinary,Asian,18,Natural Sciences,BS,Mathematics,BS,3.60,TRUE,FALSE,TRUE,TRUE,TRUE,TRUE,TRUE,FALSE,FALSE,4
S00186,202170,Female,Hispanic or Latino,20,Natural Sciences,BA,Biology,BA,2.73,TRUE,FALSE,TRUE,TRUE,FALSE,FALSE,FALSE,TRUE,FALSE,
S00187,202170,Female,Two or more races,25,Natural Sciences,BBA,Mathematics,BBA,3.25,TRUE,FALSE,TRUE,TRUE,TRUE,TRUE,TRUE,FALSE,FALSE,4
S00188,202170,Female,Hispanic or Latino,25,Business,BA,Accounting,BA,2.19,TRUE,FALSE,TRUE,TRUE,TRUE,TRUE,FALSE,TRUE,FALSE,
S00189,202170,Nonbinary,White,22,Engineering,BFA,Mechanical Engineering,BFA,3.02,TRUE,FALSE,TRUE,TRUE,TRUE,TRUE,TRUE,FALSE,TRUE,5
S00190,202170,Female,Two or more races,24,Arts & Humanities,BBA,Communication,BBA,3.08,TRUE,FALSE,TRUE,TRUE,FALSE,TRUE,TRUE,FALSE,TRUE,5
S00191,202170,Nonbinary,White,25,Education,BS,Education Studies,BS,2.79,TRUE,FALSE,TRUE,TRUE,TRUE,TRUE,FALSE,TRUE,FALSE,
S00192,202170,Female,Two or more races,19,Arts & Humanities,BBA,Studio Art,BBA,3.97,TRUE,FALSE,TRUE,TRUE,TRUE,TRUE,TRUE,FALSE,FALSE,4
S00193,202170,Nonbinary,White,22,Engineering,BS,Mechanical Engineering,BS,2.19,TRUE,FALSE,TRUE,TRUE,TRUE,TRUE,FALSE,FALSE,TRUE,
S00194,202170,Male,White,25,Business,BFA,Accounting,BFA,2.82,FALSE,TRUE,TRUE,TRUE,TRUE,TRUE,TRUE,FALSE,TRUE,5
S00195,202170,Male,Hispanic or Latino,19,Engineering,BFA,Electrical Engineering,BFA,3.02,TRUE,FALSE,TRUE,TRUE,TRUE,TRUE,TRUE,FALSE,FALSE,4
S00196,202170,Male,Black or African American,25,Engineering,BA,Mechanical Engineering,BA,2.88,TRUE,FALSE,TRUE,TRUE,TRUE,TRUE,TRUE,FALSE,TRUE,5
S00197,202170,Nonbinary,Asian,23,Education,BS,Teaching,BS,3.24,TRUE,FALSE,TRUE,FALSE,FALSE,FALSE,FALSE,TRUE,FALSE,
S00198,202170,Female,Hispanic or Latino,22,Business,BFA,Accounting,BFA,2.08,TRUE,TRUE,TRUE,TRUE,TRUE,TRUE,FALSE,FALSE,TRUE,
S00199,202170,Nonbinary,White,23,Business,BBA,Finance,BBA,2.39,TRUE,TRUE,TRUE,TRUE,TRUE,TRUE,FALSE,FALSE,TRUE,
S00200,202170,Nonbinary,Asian,25,Education,BFA,Human Development,BFA,2.37,TRUE,FALSE,TRUE,TRUE,TRUE,TRUE,TRUE,FALSE,FALSE,4
S00201,202170,Male,Hispanic or Latino,25,Education,BBA,Teaching,BBA,1.94,TRUE,FALSE,TRUE,TRUE,TRUE,TRUE,FALSE,TRUE,FALSE,
S00202,202170,Nonbinary,Asian,25,Business,BFA,Accounting,BFA,2.76,TRUE,TRUE,FALSE,TRUE,TRUE,FALSE,FALSE,TRUE,FALSE,
S00203,202170,Female,White,25,Education,BFA,Education Studies,BFA,3.39,TRUE,FALSE,TRUE,TRUE,TRUE,TRUE,TRUE,FALSE,FALSE,4
S00204,202170,Male,Black or African American,18,Arts & Humanities,BFA,English,BFA,3.19,TRUE,FALSE,TRUE,TRUE,TRUE,TRUE,TRUE,FALSE,TRUE,5
S00205,202170,Male,Asian,22,Engineering,BFA,Mechanical Engineering,BFA,2.29,TRUE,FALSE,TRUE,TRUE,FALSE,FALSE,TRUE,FALSE,TRUE,5
S00206,202170,Male,White,23,Business,BA,Marketing,BA,3.76,TRUE,FALSE,TRUE,FALSE,FALSE,TRUE,TRUE,FALSE,TRUE,5
S00207,202170,Nonbinary,Two or more races,22,Engineering,BBA,Computer Science,BBA,2.13,TRUE,FALSE,TRUE,TRUE,FALSE,TRUE,TRUE,FALSE,FALSE,4
S00208,202170,Female,Black or African American,20,Education,BS,Teaching,BS,3.75,TRUE,FALSE,TRUE,TRUE,TRUE,TRUE,TRUE,FALSE,FALSE,4
S00209,202170,Nonbinary,White,24,Business,BBA,Finance,BBA,3.25,TRUE,FALSE,TRUE,TRUE,TRUE,TRUE,TRUE,FALSE,TRUE,5
S00210,202170,Nonbinary,White,23,Natural Sciences,BBA,Chemistry,BBA,2.50,TRUE,FALSE,FALSE,FALSE,TRUE,FALSE,TRUE,FALSE,FALSE,3
S00211,202170,Female,Hispanic or Latino,23,Natural Sciences,BFA,Chemistry,BFA,3.17,TRUE,FALSE,FALSE,FALSE,TRUE,FALSE,TRUE,FALSE,TRUE,5
S00212,202170,Male,White,21,Natural Sciences,BFA,Mathematics,BFA,3.99,TRUE,FALSE,TRUE,FALSE,FALSE,TRUE,TRUE,FALSE,FALSE,4
S00213,202170,Nonbinary,Asian,19,Natural Sciences,BBA,Mathematics,BBA,2.42,TRUE,FALSE,TRUE,FALSE,FALSE,TRUE,TRUE,FALSE,FALSE,4
S00214,202170,Male,Two or more races,22,Business,BS,Marketing,BS,3.16,TRUE,FALSE,TRUE,TRUE,TRUE,TRUE,FALSE,FALSE,TRUE,
S00215,202170,Nonbinary,Asian,23,Education,BS,Human Development,BS,2.99,TRUE,FALSE,TRUE,TRUE,TRUE,TRUE,FALSE,TRUE,FALSE,
S00216,202170,Female,Two or more races,21,Business,BS,Accounting,BS,2.68,TRUE,FALSE,TRUE,TRUE,TRUE,TRUE,TRUE,FALSE,FALSE,4
S00217,202170,Nonbinary,Two or more races,22,Engineering,BA,Electrical Engineering,BA,2.19,TRUE,FALSE,TRUE,TRUE,TRUE,TRUE,TRUE,FALSE,FALSE,4
S00218,202170,Male,Black or African American,24,Natural Sciences,BS,Mathematics,BS,3.61,TRUE,FALSE,TRUE,FALSE,FALSE,FALSE,FALSE,FALSE,TRUE,
S00219,202170,Nonbinary,Two or more races,20,Engineering,BS,Computer Science,BS,2.63,TRUE,FALSE,TRUE,FALSE,TRUE,TRUE,FALSE,FALSE,TRUE,
S00220,202170,Male,Two or more races,18,Natural Sciences,BS,Biology,BS,2.07,FALSE,FALSE,TRUE,TRUE,FALSE,FALSE,FALSE,TRUE,FALSE,
S00221,202170,Male,Hispanic or Latino,24,Education,BBA,Education Studies,BBA,3.95,TRUE,FALSE,TRUE,TRUE,TRUE,TRUE,TRUE,FALSE,FALSE,4
S00222,202170,Female,Hispanic or Latino,23,Engineering,BFA,Electrical Engineering,BFA,2.83,TRUE,FALSE,TRUE,TRUE,TRUE,TRUE,TRUE,FALSE,FALSE,4
S00223,202170,Nonbinary,Hispanic or Latino,23,Arts & Humanities,BBA,Studio Art,BBA,3.76,TRUE,FALSE,TRUE,TRUE,TRUE,TRUE,TRUE,FALSE,TRUE,5
S00224,202170,Nonbinary,Asian,18,Business,BA,Accounting,BA,2.06,TRUE,FALSE,TRUE,TRUE,TRUE,TRUE,TRUE,FALSE,TRUE,5
S00225,202170,Female,Asian,24,Education,BFA,Education Studies,BFA,2.10,TRUE,FALSE,FALSE,FALSE,TRUE,TRUE,TRUE,FALSE,TRUE,5
S00226,202170,Female,Hispanic or Latino,18,Natural Sciences,BBA,Biology,BBA,2.01,TRUE,FALSE,TRUE,TRUE,TRUE,TRUE,TRUE,FALSE,FALSE,4
S00227,202170,Nonbinary,Black or African American,18,Education,BFA,Teaching,BFA,3.47,TRUE,TRUE,TRUE,TRUE,TRUE,TRUE,FALSE,FALSE,TRUE,
S00228,202170,Female,Black or African American,24,Arts & Humanities,BFA,Communication,BFA,3.94,TRUE,FALSE,TRUE,TRUE,TRUE,FALSE,TRUE,FALSE,FALSE,3
S00229,202170,Female,Asian,19,Arts & Humanities,BA,Studio Art,BA,2.67,TRUE,FALSE,FALSE,TRUE,TRUE,FALSE,TRUE,FALSE,TRUE,5
S00230,202170,Nonbinary,Hispanic or Latino,21,Business,BBA,Finance,BBA,3.13,TRUE,FALSE,FALSE,TRUE,TRUE,TRUE,FALSE,FALSE,TRUE,
S00231,202170,Female,Asian,24,Arts & Humanities,BS,Communication,BS,2.61,TRUE,FALSE,TRUE,TRUE,TRUE,TRUE,TRUE,FALSE,TRUE,5
S00232,202170,Female,White,25,Engineering,BA,Electrical Engineering,BA,2.14,TRUE,FALSE,TRUE,TRUE,TRUE,TRUE,FALSE,TRUE,FALSE,
S00233,202170,Male,Two or more races,22,Natural Sciences,BBA,Biology,BBA,3.65,TRUE,TRUE,TRUE,TRUE,TRUE,TRUE,TRUE,FALSE,TRUE,5
S00234,202170,Nonbinary,Asian,21,Business,BBA,Accounting,BBA,2.59,TRUE,FALSE,FALSE,FALSE,TRUE,TRUE,FALSE,FALSE,TRUE,
S00235,202170,Nonbinary,White,18,Education,BA,Teaching,BA,2.92,TRUE,FALSE,TRUE,TRUE,FALSE,FALSE,TRUE,FALSE,TRUE,5
S00236,202170,Nonbinary,Two or more races,20,Natural Sciences,BS,Chemistry,BS,3.61,TRUE,FALSE,TRUE,TRUE,TRUE,TRUE,FALSE,TRUE,FALSE,
S00237,202170,Nonbinary,Hispanic or Latino,24,Business,BS,Marketing,BS,3.14,TRUE,FALSE,TRUE,FALSE,TRUE,TRUE,TRUE,FALSE,FALSE,4
S00238,202170,Male,Two or more races,19,Engineering,BBA,Computer Science,BBA,3.63,TRUE,FALSE,TRUE,TRUE,TRUE,FALSE,TRUE,FALSE,TRUE,5
S00239,202170,Female,Black or African American,18,Education,BS,Human Development,BS,3.19,TRUE,FALSE,FALSE,FALSE,FALSE,FALSE,FALSE,TRUE,FALSE,
S00240,202170,Male,Two or more races,18,Business,BFA,Accounting,BFA,2.62,TRUE,TRUE,TRUE,FALSE,TRUE,TRUE,FALSE,FALSE,TRUE,
S00241,202170,Nonbinary,Black or African American,18,Business,BBA,Accounting,BBA,3.95,FALSE,FALSE,TRUE,TRUE,TRUE,TRUE,TRUE,FALSE,TRUE,5
S00242,202170,Nonbinary,Hispanic or Latino,25,Engineering,BA,Electrical Engineering,BA,2.96,TRUE,FALSE,TRUE,TRUE,TRUE,TRUE,FALSE,TRUE,FALSE,
S00243,202170,Nonbinary,Two or more races,20,Engineering,BS,Electrical Engineering,BS,3.37,TRUE,FALSE,TRUE,TRUE,TRUE,TRUE,TRUE,FALSE,FALSE,4
S00244,202170,Female,White,25,Natural Sciences,BBA,Chemistry,BBA,3.57,TRUE,FALSE,TRUE,TRUE,TRUE,TRUE,TRUE,FALSE,FALSE,4
S00245,202170,Nonbinary,White,22,Engineering,BA,Computer Science,BA,3.04,TRUE,FALSE,TRUE,TRUE,TRUE,TRUE,TRUE,FALSE,TRUE,5
S00246,202170,Female,Asian,21,Natural Sciences,BA,Biology,BA,2.13,TRUE,FALSE,TRUE,TRUE,TRUE,TRUE,FALSE,TRUE,FALSE,
S00247,202170,Nonbinary,Black or African American,22,Engineering,BBA,Electrical Engineering,BBA,2.06,TRUE,FALSE,FALSE,FALSE,TRUE,TRUE,TRUE,FALSE,FALSE,4
S00248,202170,Nonbinary,Asian,18,Arts & Humanities,BS,English,BS,3.58,TRUE,FALSE,TRUE,TRUE,TRUE,FALSE,TRUE,FALSE,FALSE,3
S00249,202170,Nonbinary,Hispanic or Latino,22,Engineering,BBA,Computer Science,BBA,2.72,FALSE,FALSE,TRUE,FALSE,FALSE,TRUE,FALSE,FALSE,TRUE,
S00250,202170,Nonbinary,Asian,21,Natural Sciences,BA,Mathematics,BA,2.29,TRUE,FALSE,TRUE,TRUE,TRUE,TRUE,FALSE,FALSE,TRUE,
S00251,202170,Female,Black or African American,18,Business,BS,Finance,BS,2.95,TRUE,TRUE,FALSE,TRUE,TRUE,TRUE,TRUE,FALSE,FALSE,4
S00252,202170,Female,Asian,18,Arts & Humanities,BA,Communication,BA,2.62,TRUE,FALSE,TRUE,TRUE,TRUE,TRUE,TRUE,FALSE,FALSE,4
S00253,202170,Male,White,22,Engineering,BS,Mechanical Engineering,BS,1.83,TRUE,FALSE,TRUE,TRUE,FALSE,TRUE,TRUE,FALSE,TRUE,5
S00254,202170,Female,Two or more races,18,Business,BFA,Marketing,BFA,3.33,TRUE,FALSE,TRUE,TRUE,TRUE,FALSE,TRUE,FALSE,FALSE,3
S00255,202170,Nonbinary,White,18,Education,BS,Human Development,BS,2.37,TRUE,FALSE,TRUE,TRUE,TRUE,TRUE,FALSE,FALSE,TRUE,
S00256,202170,Female,White,18,Natural Sciences,BS,Chemistry,BS,2.07,TRUE,FALSE,TRUE,TRUE,TRUE,TRUE,TRUE,FALSE,FALSE,4
S00257,202170,Male,Black or African American,20,Business,BA,Marketing,BA,3.06,TRUE,FALSE,TRUE,TRUE,TRUE,TRUE,TRUE,FALSE,FALSE,4
S00258,202170,Male,White,23,Business,BA,Finance,BA,3.50,TRUE,FALSE,TRUE,TRUE,TRUE,TRUE,FALSE,TRUE,FALSE,
S00259,202170,Male,Black or African American,20,Business,BA,Finance,BA,3.78,TRUE,FALSE,TRUE,TRUE,TRUE,TRUE,TRUE,FALSE,TRUE,5
S00260,202170,Male,Hispanic or Latino,20,Engineering,BA,Mechanical Engineering,BA,2.31,TRUE,FALSE,TRUE,TRUE,TRUE,TRUE,TRUE,FALSE,FALSE,4
S00261,202170,Male,Black or African American,24,Engineering,BS,Electrical Engineering,BS,3.43,TRUE,FALSE,TRUE,TRUE,TRUE,TRUE,FALSE,FALSE,TRUE,
S00262,202170,Male,Hispanic or Latino,18,Education,BBA,Human Development,BBA,2.05,TRUE,FALSE,TRUE,TRUE,TRUE,TRUE,TRUE,FALSE,FALSE,4
S00263,202170,Male,Hispanic or Latino,21,Education,BA,Education Studies,BA,3.07,TRUE,FALSE,TRUE,TRUE,FALSE,TRUE,TRUE,FALSE,FALSE,4
S00264,202170,Female,Two or more races,19,Natural Sciences,BFA,Mathematics,BFA,2.88,TRUE,FALSE,TRUE,TRUE,TRUE,TRUE,TRUE,FALSE,TRUE,5
S00265,202170,Female,Black or African American,22,Education,BA,Teaching,BA,2.78,TRUE,FALSE,TRUE,TRUE,TRUE,TRUE,FALSE,FALSE,TRUE,
S00266,202170,Female,Asian,20,Engineering,BBA,Mechanical Engineering,BBA,1.86,TRUE,FALSE,TRUE,FALSE,FALSE,FALSE,FALSE,FALSE,TRUE,
S00267,202170,Female,Hispanic or Latino,18,Education,BBA,Teaching,BBA,2.54,TRUE,FALSE,TRUE,TRUE,TRUE,TRUE,TRUE,FALSE,TRUE,5
S00268,202170,Male,Hispanic or Latino,25,Education,BA,Education Studies,BA,2.87,TRUE,FALSE,TRUE,TRUE,TRUE,FALSE,FALSE,TRUE,FALSE,
S00269,202170,Nonbinary,Hispanic or Latino,25,Engineering,BA,Mechanical Engineering,BA,2.56,TRUE,FALSE,TRUE,TRUE,TRUE,TRUE,TRUE,FALSE,FALSE,4
S00270,202170,Male,Two or more races,21,Education,BBA,Education Studies,BBA,2.51,TRUE,FALSE,TRUE,TRUE,TRUE,TRUE,TRUE,FALSE,TRUE,5
S00271,202170,Nonbinary,Asian,25,Engineering,BFA,Electrical Engineering,BFA,2.89,TRUE,FALSE,FALSE,TRUE,TRUE,FALSE,TRUE,FALSE,FALSE,3
S00272,202170,Male,Black or African American,23,Arts & Humanities,BBA,Studio Art,BBA,2.20,TRUE,FALSE,FALSE,FALSE,FALSE,FALSE,FALSE,TRUE,FALSE,
S00273,202170,Nonbinary,Hispanic or Latino,25,Business,BBA,Finance,BBA,3.05,TRUE,FALSE,TRUE,TRUE,TRUE,TRUE,TRUE,FALSE,TRUE,5
S00274,202170,Male,Two or more races,25,Education,BA,Human Development,BA,1.84,TRUE,FALSE,TRUE,TRUE,FALSE,FALSE,FALSE,TRUE,FALSE,
S00275,202170,Nonbinary,White,24,Education,BFA,Education Studies,BFA,2.50,TRUE,FALSE,TRUE,TRUE,TRUE,TRUE,TRUE,FALSE,TRUE,5
S00276,202170,Male,Asian,25,Education,BA,Teaching,BA,3.40,TRUE,FALSE,TRUE,TRUE,TRUE,TRUE,FALSE,TRUE,FALSE,
S00277,202170,Female,White,23,Natural Sciences,BFA,Biology,BFA,2.50,TRUE,FALSE,TRUE,TRUE,TRUE,TRUE,TRUE,FALSE,TRUE,5
S00278,202170,Female,Black or African American,22,Business,BBA,Accounting,BBA,2.77,TRUE,FALSE,TRUE,TRUE,TRUE,TRUE,FALSE,FALSE,TRUE,
S00279,202170,Female,Two or more races,23,Education,BA,Education Studies,BA,3.71,TRUE,FALSE,TRUE,TRUE,TRUE,TRUE,FALSE,FALSE,TRUE,
S00280,202170,Nonbinary,Asian,22,Engineering,BS,Computer Science,BS,3.95,TRUE,FALSE,TRUE,FALSE,FALSE,FALSE,FALSE,TRUE,FALSE,
S00281,202170,Male,Black or African American,24,Arts & Humanities,BA,Communication,BA,2.42,TRUE,FALSE,FALSE,TRUE,TRUE,FALSE,TRUE,FALSE,TRUE,5
S00282,202170,Nonbinary,Asian,24,Education,BFA,Teaching,BFA,2.68,TRUE,FALSE,TRUE,TRUE,TRUE,TRUE,FALSE,FALSE,TRUE,
S00283,202170,Male,Two or more races,22,Natural Sciences,BA,Mathematics,BA,3.73,TRUE,FALSE,FALSE,FALSE,TRUE,TRUE,TRUE,FALSE,FALSE,4
S00284,202170,Nonbinary,Two or more races,24,Natural Sciences,BFA,Chemistry,BFA,3.27,TRUE,FALSE,TRUE,TRUE,TRUE,TRUE,TRUE,FALSE,TRUE,5
S00285,202170,Nonbinary,White,24,Business,BBA,Accounting,BBA,3.07,TRUE,TRUE,TRUE,TRUE,TRUE,TRUE,FALSE,TRUE,FALSE,
S00286,202170,Female,Black or African American,19,Engineering,BA,Mechanical Engineering,BA,3.12,TRUE,FALSE,TRUE,TRUE,TRUE,FALSE,TRUE,FALSE,FALSE,3
S00287,202170,Male,Hispanic or Latino,20,Education,BBA,Human Development,BBA,4.00,TRUE,FALSE,TRUE,FALSE,FALSE,FALSE,FALSE,TRUE,FALSE,
S00288,202170,Nonbinary,Hispanic or Latino,21,Arts & Humanities,BS,English,BS,2.44,TRUE,FALSE,TRUE,TRUE,TRUE,TRUE,TRUE,FALSE,TRUE,5
S00289,202170,Nonbinary,Black or African American,19,Natural Sciences,BFA,Mathematics,BFA,2.30,TRUE,FALSE,FALSE,FALSE,FALSE,FALSE,FALSE,TRUE,FALSE,
S00290,202170,Nonbinary,Two or more races,19,Natural Sciences,BBA,Chemistry,BBA,3.31,TRUE,TRUE,TRUE,TRUE,FALSE,FALSE,FALSE,TRUE,FALSE,
S00291,202170,Female,Asian,22,Natural Sciences,BS,Mathematics,BS,2.93,TRUE,FALSE,FALSE,FALSE,FALSE,FALSE,TRUE,FALSE,TRUE,5
S00292,202170,Nonbinary,Hispanic or Latino,19,Natural Sciences,BS,Chemistry,BS,1.92,TRUE,FALSE,TRUE,TRUE,TRUE,TRUE,TRUE,FALSE,FALSE,4
S00293,202170,Nonbinary,Black or African American,21,Education,BS,Human Development,BS,3.73,TRUE,FALSE,TRUE,TRUE,TRUE,TRUE,FALSE,FALSE,TRUE,
S00294,202170,Female,Asian,22,Natural Sciences,BBA,Chemistry,BBA,3.32,TRUE,TRUE,TRUE,TRUE,TRUE,TRUE,FALSE,TRUE,FALSE,
S00295,202170,Female,Asian,24,Education,BFA,Human Development,BFA,3.45,FALSE,FALSE,TRUE,TRUE,FALSE,TRUE,TRUE,FALSE,TRUE,5
S00296,202170,Female,Hispanic or Latino,24,Education,BBA,Teaching,BBA,2.22,FALSE,FALSE,TRUE,TRUE,TRUE,TRUE,TRUE,FALSE,TRUE,5
S00297,202170,Nonbinary,Asian,19,Engineering,BS,Computer Science,BS,3.72,TRUE,FALSE,TRUE,TRUE,TRUE,TRUE,TRUE,FALSE,FALSE,4
S00298,202170,Female,Black or African American,18,Natural Sciences,BS,Chemistry,BS,2.17,TRUE,TRUE,TRUE,TRUE,TRUE,TRUE,FALSE,TRUE,FALSE,
S00299,202170,Male,Two or more races,21,Engineering,BS,Computer Science,BS,2.64,TRUE,FALSE,TRUE,TRUE,TRUE,FALSE,FALSE,TRUE,FALSE,
S00300,202170,Female,Black or African American,25,Education,BBA,Teaching,BBA,2.73,TRUE,FALSE,TRUE,FALSE,FALSE,FALSE,FALSE,FALSE,TRUE,
S00301,202170,Nonbinary,Hispanic or Latino,22,Natural Sciences,BA,Chemistry,BA,2.50,TRUE,FALSE,TRUE,FALSE,FALSE,FALSE,FALSE,TRUE,FALSE,
S00302,202170,Female,Black or African American,19,Arts & Humanities,BBA,Studio Art,BBA,3.32,TRUE,FALSE,TRUE,TRUE,TRUE,TRUE,TRUE,FALSE,FALSE,4
S00303,202170,Male,Hispanic or Latino,23,Arts & Humanities,BS,Communication,BS,2.17,TRUE,FALSE,TRUE,TRUE,TRUE,TRUE,TRUE,FALSE,FALSE,4
S00304,202170,Male,Asian,21,Education,BBA,Education Studies,BBA,2.86,TRUE,FALSE,TRUE,TRUE,TRUE,TRUE,FALSE,FALSE,TRUE,
S00305,202170,Nonbinary,Black or African American,25,Engineering,BA,Electrical Engineering,BA,2.87,TRUE,FALSE,TRUE,FALSE,TRUE,TRUE,FALSE,FALSE,TRUE,
S00306,202170,Female,Two or more races,22,Arts & Humanities,BS,Studio Art,BS,1.90,TRUE,FALSE,TRUE,TRUE,FALSE,FALSE,FALSE,TRUE,FALSE,
S00307,202170,Female,Black or African American,20,Business,BA,Marketing,BA,2.32,TRUE,FALSE,TRUE,FALSE,FALSE,FALSE,FALSE,TRUE,FALSE,
S00308,202170,Male,Hispanic or Latino,24,Natural Sciences,BBA,Biology,BBA,3.45,TRUE,FALSE,TRUE,TRUE,TRUE,TRUE,TRUE,FALSE,FALSE,4
S00309,202170,Female,Black or African American,25,Education,BS,Education Studies,BS,2.17,TRUE,FALSE,TRUE,TRUE,TRUE,TRUE,TRUE,FALSE,TRUE,5
S00310,202170,Female,Black or African American,25,Natural Sciences,BA,Biology,BA,3.40,TRUE,FALSE,TRUE,TRUE,TRUE,TRUE,TRUE,FALSE,TRUE,5
S00311,202170,Female,Hispanic or Latino,21,Business,BBA,Marketing,BBA,2.89,TRUE,FALSE,TRUE,TRUE,TRUE,TRUE,TRUE,FALSE,TRUE,5
S00312,202170,Male,Black or African American,18,Natural Sciences,BFA,Biology,BFA,3.06,TRUE,FALSE,TRUE,TRUE,TRUE,TRUE,TRUE,FALSE,TRUE,5
S00313,202170,Nonbinary,Asian,20,Business,BBA,Marketing,BBA,2.11,FALSE,FALSE,TRUE,TRUE,TRUE,TRUE,FALSE,TRUE,FALSE,
S00314,202170,Male,Black or African American,19,Education,BFA,Education Studies,BFA,2.77,TRUE,FALSE,TRUE,FALSE,FALSE,FALSE,FALSE,TRUE,FALSE,
S00315,202170,Nonbinary,Asian,22,Business,BA,Finance,BA,2.45,TRUE,FALSE,TRUE,TRUE,TRUE,TRUE,TRUE,FALSE,TRUE,5
S00316,202170,Nonbinary,White,21,Engineering,BFA,Electrical Engineering,BFA,3.18,TRUE,FALSE,TRUE,TRUE,TRUE,TRUE,TRUE,FALSE,TRUE,5
S00317,202170,Female,White,20,Natural Sciences,BBA,Mathematics,BBA,3.01,TRUE,TRUE,TRUE,TRUE,TRUE,TRUE,TRUE,FALSE,FALSE,4
S00318,202170,Male,Two or more races,24,Engineering,BS,Computer Science,BS,3.55,TRUE,FALSE,TRUE,TRUE,TRUE,TRUE,TRUE,FALSE,FALSE,4
S00319,202170,Nonbinary,Asian,22,Arts & Humanities,BBA,Studio Art,BBA,2.32,TRUE,FALSE,TRUE,FALSE,FALSE,FALSE,FALSE,FALSE,TRUE,
S00320,202170,Female,Black or African American,19,Arts & Humanities,BA,English,BA,1.82,TRUE,FALSE,TRUE,TRUE,TRUE,TRUE,TRUE,FALSE,TRUE,5
S00321,202170,Female,Hispanic or Latino,22,Natural Sciences,BBA,Mathematics,BBA,3.43,TRUE,FALSE,TRUE,TRUE,TRUE,TRUE,TRUE,FALSE,TRUE,5
S00322,202170,Nonbinary,Hispanic or Latino,20,Education,BFA,Education Studies,BFA,1.96,TRUE,FALSE,TRUE,TRUE,TRUE,TRUE,TRUE,FALSE,FALSE,4
S00323,202170,Female,Asian,21,Education,BS,Human Development,BS,3.63,TRUE,FALSE,TRUE,TRUE,TRUE,TRUE,TRUE,FALSE,TRUE,5
S00324,202170,Male,Two or more races,19,Business,BBA,Accounting,BBA,3.14,TRUE,FALSE,TRUE,TRUE,TRUE,TRUE,FALSE,FALSE,TRUE,
S00325,202170,Female,Hispanic or Latino,23,Business,BFA,Accounting,BFA,3.71,TRUE,FALSE,TRUE,TRUE,TRUE,TRUE,TRUE,FALSE,TRUE,5
S00326,202170,Female,Black or African American,25,Natural Sciences,BBA,Biology,BBA,1.90,TRUE,FALSE,TRUE,TRUE,TRUE,TRUE,FALSE,FALSE,TRUE,
S00327,202170,Male,Hispanic or Latino,23,Education,BA,Education Studies,BA,3.54,TRUE,FALSE,TRUE,TRUE,TRUE,TRUE,FALSE,FALSE,TRUE,
S00328,202170,Male,Two or more races,23,Education,BFA,Teaching,BFA,3.83,TRUE,FALSE,TRUE,FALSE,FALSE,TRUE,TRUE,FALSE,TRUE,5
S00329,202170,Male,Hispanic or Latino,25,Natural Sciences,BBA,Biology,BBA,1.94,TRUE,FALSE,TRUE,TRUE,TRUE,TRUE,TRUE,FALSE,FALSE,4
S00330,202170,Nonbinary,Two or more races,24,Natural Sciences,BBA,Mathematics,BBA,3.49,TRUE,FALSE,FALSE,FALSE,FALSE,FALSE,FALSE,FALSE,TRUE,
S00331,202170,Nonbinary,White,24,Natural Sciences,BS,Biology,BS,3.25,TRUE,FALSE,TRUE,TRUE,TRUE,TRUE,TRUE,FALSE,TRUE,5
S00332,202170,Nonbinary,Asian,19,Arts & Humanities,BA,Communication,BA,3.50,TRUE,FALSE,TRUE,TRUE,FALSE,FALSE,TRUE,FALSE,TRUE,5
S00333,202170,Male,Asian,18,Engineering,BFA,Mechanical Engineering,BFA,2.67,TRUE,FALSE,TRUE,TRUE,TRUE,TRUE,TRUE,FALSE,FALSE,4
S00334,202170,Female,Hispanic or Latino,18,Natural Sciences,BBA,Chemistry,BBA,2.19,TRUE,FALSE,TRUE,TRUE,TRUE,TRUE,TRUE,FALSE,FALSE,4
S00335,202170,Nonbinary,Two or more races,23,Education,BA,Teaching,BA,3.09,TRUE,FALSE,TRUE,TRUE,TRUE,TRUE,TRUE,FALSE,FALSE,4
S00336,202170,Nonbinary,White,22,Business,BBA,Finance,BBA,3.27,TRUE,FALSE,TRUE,TRUE,TRUE,TRUE,TRUE,FALSE,FALSE,4
S00337,202170,Male,Black or African American,23,Business,BBA,Finance,BBA,2.49,TRUE,FALSE,FALSE,TRUE,FALSE,FALSE,TRUE,FALSE,TRUE,5
S00338,202170,Nonbinary,Two or more races,21,Education,BS,Education Studies,BS,3.83,TRUE,FALSE,TRUE,FALSE,FALSE,FALSE,TRUE,FALSE,TRUE,5
S00339,202170,Male,Black or African American,20,Natural Sciences,BS,Mathematics,BS,2.84,TRUE,FALSE,TRUE,TRUE,TRUE,FALSE,FALSE,TRUE,FALSE,
S00340,202170,Male,Hispanic or Latino,18,Business,BS,Marketing,BS,3.85,TRUE,FALSE,TRUE,TRUE,TRUE,TRUE,FALSE,TRUE,FALSE,
S00341,202170,Nonbinary,Asian,22,Arts & Humanities,BBA,English,BBA,2.06,TRUE,FALSE,TRUE,TRUE,TRUE,TRUE,TRUE,FALSE,TRUE,5
S00342,202170,Male,Black or African American,21,Business,BA,Marketing,BA,2.25,TRUE,FALSE,TRUE,TRUE,TRUE,TRUE,FALSE,TRUE,FALSE,
S00343,202170,Female,Black or African American,20,Engineering,BS,Computer Science,BS,2.94,TRUE,FALSE,TRUE,FALSE,FALSE,FALSE,FALSE,TRUE,FALSE,
S00344,202170,Male,Asian,18,Arts & Humanities,BA,English,BA,3.91,TRUE,FALSE,TRUE,TRUE,TRUE,TRUE,TRUE,FALSE,FALSE,4
S00345,202170,Female,White,23,Engineering,BBA,Computer Science,BBA,2.07,TRUE,FALSE,TRUE,TRUE,TRUE,FALSE,TRUE,FALSE,FALSE,3
S00346,202170,Female,Two or more races,21,Arts & Humanities,BA,Studio Art,BA,2.83,TRUE,FALSE,TRUE,TRUE,TRUE,TRUE,TRUE,FALSE,FALSE,4
S00347,202170,Male,Two or more races,19,Business,BFA,Accounting,BFA,2.85,TRUE,FALSE,FALSE,TRUE,TRUE,TRUE,FALSE,FALSE,TRUE,
S00348,202170,Female,Black or African American,23,Education,BBA,Teaching,BBA,2.53,TRUE,FALSE,TRUE,TRUE,TRUE,TRUE,TRUE,FALSE,TRUE,5
S00349,202170,Female,Asian,18,Natural Sciences,BA,Biology,BA,3.61,TRUE,FALSE,TRUE,TRUE,TRUE,TRUE,TRUE,FALSE,TRUE,5
S00350,202170,Female,White,19,Business,BS,Accounting,BS,2.11,TRUE,TRUE,TRUE,TRUE,TRUE,TRUE,TRUE,FALSE,TRUE,5
S00351,202170,Female,Two or more races,25,Education,BS,Teaching,BS,3.56,TRUE,FALSE,TRUE,FALSE,FALSE,FALSE,FALSE,TRUE,FALSE,
S00352,202170,Nonbinary,Two or more races,21,Education,BFA,Teaching,BFA,3.43,TRUE,FALSE,TRUE,TRUE,TRUE,TRUE,TRUE,FALSE,FALSE,4
S00353,202170,Female,Hispanic or Latino,21,Education,BBA,Teaching,BBA,3.67,TRUE,FALSE,TRUE,TRUE,FALSE,FALSE,FALSE,FALSE,TRUE,
S00354,202170,Male,Asian,24,Natural Sciences,BFA,Biology,BFA,2.24,TRUE,FALSE,TRUE,TRUE,TRUE,TRUE,TRUE,FALSE,FALSE,4
S00355,202170,Female,White,20,Arts & Humanities,BA,English,BA,4.00,TRUE,FALSE,TRUE,TRUE,TRUE,TRUE,FALSE,FALSE,TRUE,
S00356,202170,Nonbinary,Asian,21,Arts & Humanities,BBA,English,BBA,2.98,TRUE,FALSE,TRUE,TRUE,TRUE,TRUE,TRUE,FALSE,FALSE,4
S00357,202170,Female,Two or more races,19,Business,BS,Finance,BS,3.71,TRUE,FALSE,TRUE,TRUE,TRUE,TRUE,TRUE,FALSE,FALSE,4
S00358,202170,Female,White,23,Engineering,BBA,Electrical Engineering,BBA,2.56,TRUE,FALSE,FALSE,FALSE,FALSE,FALSE,FALSE,TRUE,FALSE,
S00359,202170,Nonbinary,Hispanic or Latino,21,Business,BA,Finance,BA,3.36,TRUE,FALSE,TRUE,TRUE,TRUE,TRUE,FALSE,TRUE,FALSE,
S00360,202170,Female,Two or more races,24,Education,BA,Education Studies,BA,1.94,TRUE,TRUE,TRUE,TRUE,TRUE,TRUE,TRUE,FALSE,TRUE,5
S00361,202170,Male,Two or more races,19,Engineering,BA,Mechanical Engineering,BA,2.04,TRUE,FALSE,FALSE,TRUE,TRUE,TRUE,TRUE,FALSE,TRUE,5
S00362,202170,Nonbinary,Hispanic or Latino,21,Arts & Humanities,BA,English,BA,2.68,FALSE,FALSE,TRUE,TRUE,TRUE,TRUE,TRUE,FALSE,FALSE,4
S00363,202170,Nonbinary,Hispanic or Latino,23,Engineering,BS,Mechanical Engineering,BS,1.83,TRUE,FALSE,TRUE,TRUE,TRUE,FALSE,FALSE,TRUE,FALSE,
S00364,202170,Nonbinary,Asian,19,Business,BA,Accounting,BA,3.60,TRUE,FALSE,TRUE,TRUE,FALSE,FALSE,FALSE,TRUE,FALSE,
S00365,202170,Male,White,25,Education,BBA,Teaching,BBA,1.90,TRUE,FALSE,TRUE,TRUE,TRUE,TRUE,TRUE,FALSE,TRUE,5
S00366,202170,Male,Hispanic or Latino,22,Education,BFA,Teaching,BFA,3.70,TRUE,FALSE,TRUE,TRUE,TRUE,TRUE,TRUE,FALSE,TRUE,5
S00367,202170,Nonbinary,Black or African American,20,Natural Sciences,BBA,Biology,BBA,3.19,TRUE,FALSE,TRUE,TRUE,TRUE,TRUE,FALSE,FALSE,TRUE,
S00368,202170,Female,Two or more races,25,Natural Sciences,BBA,Mathematics,BBA,2.41,TRUE,FALSE,TRUE,TRUE,TRUE,TRUE,FALSE,FALSE,TRUE,
S00369,202170,Nonbinary,Two or more races,19,Business,BFA,Finance,BFA,2.82,TRUE,FALSE,TRUE,FALSE,FALSE,TRUE,TRUE,FALSE,TRUE,5
S00370,202170,Female,Hispanic or Latino,23,Business,BA,Marketing,BA,2.38,TRUE,TRUE,TRUE,TRUE,TRUE,TRUE,TRUE,FALSE,FALSE,4
S00371,202170,Female,Black or African American,19,Education,BBA,Teaching,BBA,2.24,TRUE,FALSE,TRUE,TRUE,TRUE,TRUE,TRUE,FALSE,TRUE,5
S00372,202170,Male,Two or more races,23,Engineering,BA,Mechanical Engineering,BA,2.40,TRUE,FALSE,TRUE,FALSE,TRUE,TRUE,TRUE,FALSE,FALSE,4
S00373,202170,Nonbinary,Asian,19,Education,BA,Human Development,BA,3.82,TRUE,FALSE,TRUE,TRUE,TRUE,TRUE,TRUE,FALSE,TRUE,5
S00374,202170,Female,White,23,Business,BFA,Finance,BFA,2.82,TRUE,TRUE,TRUE,TRUE,TRUE,TRUE,TRUE,FALSE,TRUE,5
S00375,202170,Female,Two or more races,19,Natural Sciences,BBA,Mathematics,BBA,2.09,TRUE,FALSE,TRUE,TRUE,TRUE,TRUE,TRUE,FALSE,FALSE,4
S00376,202170,Nonbinary,Asian,18,Engineering,BA,Computer Science,BA,3.16,TRUE,FALSE,TRUE,TRUE,TRUE,FALSE,FALSE,TRUE,FALSE,
S00377,202170,Female,Hispanic or Latino,22,Engineering,BBA,Mechanical Engineering,BBA,3.72,TRUE,FALSE,TRUE,TRUE,TRUE,TRUE,TRUE,FALSE,TRUE,5
S00378,202170,Nonbinary,Black or African American,22,Natural Sciences,BA,Chemistry,BA,3.39,TRUE,FALSE,TRUE,FALSE,FALSE,TRUE,TRUE,FALSE,TRUE,5
S00379,202170,Nonbinary,Hispanic or Latino,19,Education,BS,Teaching,BS,3.00,TRUE,FALSE,TRUE,FALSE,FALSE,FALSE,TRUE,FALSE,TRUE,5
S00380,202170,Nonbinary,White,21,Engineering,BFA,Computer Science,BFA,2.26,TRUE,FALSE,FALSE,FALSE,TRUE,FALSE,TRUE,FALSE,FALSE,3
S00381,202170,Female,Black or African American,19,Business,BA,Marketing,BA,3.91,FALSE,FALSE,TRUE,TRUE,TRUE,TRUE,TRUE,FALSE,TRUE,5
S00382,202170,Male,Hispanic or Latino,20,Engineering,BFA,Mechanical Engineering,BFA,2.39,TRUE,FALSE,TRUE,TRUE,TRUE,TRUE,FALSE,TRUE,FALSE,
S00383,202170,Nonbinary,White,19,Natural Sciences,BFA,Biology,BFA,2.24,TRUE,FALSE,TRUE,FALSE,FALSE,FALSE,FALSE,TRUE,FALSE,
S00384,202170,Nonbinary,White,25,Engineering,BS,Computer Science,BS,2.09,TRUE,FALSE,FALSE,FALSE,FALSE,FALSE,FALSE,FALSE,TRUE,
S00385,202170,Female,Black or African American,19,Business,BBA,Accounting,BBA,2.30,TRUE,FALSE,TRUE,TRUE,TRUE,TRUE,TRUE,FALSE,FALSE,4
S00386,202170,Female,Hispanic or Latino,19,Education,BBA,Human Development,BBA,2.65,TRUE,TRUE,FALSE,FALSE,TRUE,TRUE,FALSE,TRUE,FALSE,
S00387,202170,Nonbinary,Black or African American,22,Engineering,BFA,Electrical Engineering,BFA,3.30,TRUE,FALSE,TRUE,FALSE,FALSE,FALSE,FALSE,TRUE,FALSE,
S00388,202170,Male,Black or African American,18,Business,BFA,Accounting,BFA,2.38,TRUE,FALSE,TRUE,TRUE,FALSE,FALSE,TRUE,FALSE,TRUE,5
S00389,202170,Male,White,20,Arts & Humanities,BBA,Communication,BBA,2.45,TRUE,FALSE,TRUE,TRUE,TRUE,FALSE,FALSE,TRUE,FALSE,
S00390,202170,Male,Black or African American,23,Education,BBA,Education Studies,BBA,2.28,TRUE,FALSE,TRUE,TRUE,TRUE,FALSE,FALSE,TRUE,FALSE,
S00391,202170,Male,Asian,19,Engineering,BBA,Computer Science,BBA,3.68,TRUE,TRUE,FALSE,FALSE,TRUE,TRUE,FALSE,FALSE,TRUE,
S00392,202170,Male,White,24,Arts & Humanities,BS,Studio Art,BS,3.55,TRUE,FALSE,TRUE,TRUE,TRUE,TRUE,TRUE,FALSE,TRUE,5
S00393,202170,Female,Asian,20,Engineering,BBA,Computer Science,BBA,3.57,TRUE,FALSE,TRUE,FALSE,FALSE,TRUE,FALSE,FALSE,TRUE,
S00394,202170,Female,Two or more races,21,Arts & Humanities,BBA,English,BBA,3.47,TRUE,FALSE,TRUE,TRUE,TRUE,TRUE,TRUE,FALSE,FALSE,4
S00395,202170,Female,Two or more races,24,Arts & Humanities,BFA,Studio Art,BFA,2.58,FALSE,FALSE,FALSE,TRUE,TRUE,TRUE,TRUE,FALSE,FALSE,4
S00396,202170,Female,White,22,Engineering,BS,Computer Science,BS,3.62,TRUE,FALSE,TRUE,TRUE,TRUE,TRUE,TRUE,FALSE,TRUE,5
S00397,202170,Nonbinary,Black or African American,18,Business,BFA,Accounting,BFA,3.79,TRUE,FALSE,TRUE,TRUE,TRUE,FALSE,FALSE,TRUE,FALSE,
S00398,202170,Male,Asian,19,Natural Sciences,BFA,Mathematics,BFA,2.55,TRUE,FALSE,TRUE,TRUE,TRUE,TRUE,TRUE,FALSE,FALSE,4
S00399,202170,Nonbinary,Black or African American,19,Business,BS,Marketing,BS,2.98,TRUE,TRUE,FALSE,FALSE,TRUE,TRUE,TRUE,FALSE,TRUE,5
S00400,202170,Female,Two or more races,21,Education,BBA,Teaching,BBA,2.57,TRUE,FALSE,TRUE,TRUE,TRUE,TRUE,FALSE,FALSE,TRUE,
S00401,202170,Female,Two or more races,25,Arts & Humanities,BA,Communication,BA,3.76,TRUE,FALSE,TRUE,TRUE,TRUE,TRUE,TRUE,FALSE,TRUE,5
S00402,202170,Nonbinary,Two or more races,23,Business,BFA,Accounting,BFA,2.67,TRUE,FALSE,TRUE,FALSE,TRUE,TRUE,FALSE,TRUE,FALSE,
S00403,202170,Nonbinary,White,24,Natural Sciences,BFA,Mathematics,BFA,2.63,TRUE,FALSE,TRUE,TRUE,TRUE,TRUE,FALSE,FALSE,TRUE,
S00404,202170,Nonbinary,White,19,Engineering,BFA,Mechanical Engineering,BFA,3.20,TRUE,FALSE,TRUE,FALSE,FALSE,TRUE,FALSE,FALSE,TRUE,
S00405,202170,Nonbinary,White,22,Business,BA,Finance,BA,2.06,TRUE,FALSE,TRUE,TRUE,TRUE,FALSE,TRUE,FALSE,FALSE,3
S00406,202170,Female,Black or African American,21,Arts & Humanities,BA,Studio Art,BA,2.86,TRUE,FALSE,FALSE,FALSE,TRUE,TRUE,FALSE,FALSE,TRUE,
S00407,202170,Female,Asian,18,Arts & Humanities,BS,Communication,BS,3.29,TRUE,FALSE,TRUE,FALSE,FALSE,TRUE,TRUE,FALSE,TRUE,5
S00408,202170,Nonbinary,White,23,Arts & Humanities,BS,Studio Art,BS,2.51,TRUE,FALSE,FALSE,FALSE,FALSE,FALSE,FALSE,TRUE,FALSE,
S00409,202170,Nonbinary,Asian,20,Natural Sciences,BFA,Chemistry,BFA,3.66,TRUE,FALSE,TRUE,TRUE,TRUE,TRUE,TRUE,FALSE,FALSE,4
S00410,202170,Male,Black or African American,24,Education,BS,Education Studies,BS,2.35,TRUE,FALSE,FALSE,FALSE,TRUE,TRUE,TRUE,FALSE,FALSE,4
S00411,202170,Nonbinary,Asian,21,Arts & Humanities,BFA,Communication,BFA,2.29,TRUE,TRUE,FALSE,FALSE,FALSE,FALSE,FALSE,TRUE,FALSE,
S00412,202170,Female,Black or African American,20,Business,BA,Marketing,BA,1.94,TRUE,FALSE,TRUE,TRUE,TRUE,TRUE,FALSE,TRUE,FALSE,
S00413,202170,Male,Hispanic or Latino,23,Education,BFA,Human Development,BFA,1.94,TRUE,FALSE,TRUE,TRUE,TRUE,TRUE,FALSE,FALSE,TRUE,
S00414,202170,Female,Hispanic or Latino,23,Engineering,BBA,Electrical Engineering,BBA,3.02,TRUE,FALSE,TRUE,FALSE,FALSE,FALSE,FALSE,TRUE,FALSE,
S00415,202170,Male,Hispanic or Latino,18,Business,BFA,Marketing,BFA,3.33,TRUE,FALSE,TRUE,FALSE,TRUE,TRUE,TRUE,FALSE,TRUE,5
S00416,202170,Female,Asian,23,Business,BA,Marketing,BA,3.48,FALSE,FALSE,TRUE,TRUE,TRUE,TRUE,FALSE,FALSE,TRUE,
S00417,202170,Female,Black or African American,20,Education,BFA,Teaching,BFA,3.08,TRUE,FALSE,TRUE,TRUE,TRUE,TRUE,FALSE,FALSE,TRUE,
S00418,202170,Female,Asian,20,Business,BS,Finance,BS,2.16,TRUE,FALSE,TRUE,TRUE,TRUE,TRUE,FALSE,TRUE,FALSE,
S00419,202170,Female,Asian,20,Arts & Humanities,BA,Communication,BA,3.39,TRUE,FALSE,TRUE,TRUE,TRUE,FALSE,FALSE,TRUE,FALSE,
S00420,202170,Male,Asian,18,Engineering,BBA,Computer Science,BBA,2.10,TRUE,FALSE,TRUE,TRUE,TRUE,TRUE,TRUE,FALSE,TRUE,5
S00421,202170,Nonbinary,Two or more races,19,Engineering,BS,Mechanical Engineering,BS,3.94,TRUE,FALSE,TRUE,TRUE,TRUE,TRUE,TRUE,FALSE,TRUE,5
S00422,202170,Nonbinary,Two or more races,21,Business,BA,Marketing,BA,3.84,TRUE,FALSE,TRUE,FALSE,FALSE,FALSE,TRUE,FALSE,TRUE,5
S00423,202170,Female,Two or more races,21,Arts & Humanities,BFA,English,BFA,2.18,TRUE,FALSE,TRUE,FALSE,FALSE,TRUE,TRUE,FALSE,TRUE,5
S00424,202170,Female,White,20,Natural Sciences,BFA,Mathematics,BFA,2.42,TRUE,TRUE,TRUE,TRUE,TRUE,FALSE,FALSE,FALSE,TRUE,
S00425,202170,Nonbinary,Asian,19,Natural Sciences,BA,Chemistry,BA,3.95,TRUE,FALSE,TRUE,TRUE,TRUE,TRUE,TRUE,FALSE,FALSE,4
S00426,202170,Nonbinary,Asian,18,Arts & Humanities,BFA,Studio Art,BFA,3.21,TRUE,FALSE,TRUE,TRUE,TRUE,TRUE,FALSE,FALSE,TRUE,
S00427,202170,Male,Two or more races,18,Business,BBA,Marketing,BBA,1.82,TRUE,FALSE,TRUE,TRUE,TRUE,TRUE,FALSE,FALSE,TRUE,
S00428,202170,Nonbinary,Asian,23,Natural Sciences,BS,Mathematics,BS,3.78,TRUE,FALSE,TRUE,TRUE,TRUE,TRUE,TRUE,FALSE,TRUE,5
S00429,202170,Male,White,23,Natural Sciences,BFA,Chemistry,BFA,2.38,TRUE,FALSE,TRUE,TRUE,TRUE,TRUE,FALSE,FALSE,TRUE,
S00430,202170,Nonbinary,Two or more races,24,Arts & Humanities,BS,English,BS,3.00,TRUE,FALSE,FALSE,FALSE,FALSE,TRUE,FALSE,FALSE,TRUE,
S00431,202170,Nonbinary,Hispanic or Latino,18,Business,BS,Accounting,BS,2.87,TRUE,FALSE,TRUE,FALSE,TRUE,TRUE,TRUE,FALSE,TRUE,5
S00432,202170,Female,White,24,Natural Sciences,BS,Chemistry,BS,3.14,TRUE,TRUE,TRUE,TRUE,TRUE,TRUE,TRUE,FALSE,TRUE,5
S00433,202170,Female,Asian,20,Education,BBA,Teaching,BBA,2.22,TRUE,FALSE,TRUE,TRUE,TRUE,FALSE,FALSE,TRUE,FALSE,
S00434,202170,Female,Asian,18,Arts & Humanities,BS,Communication,BS,1.89,TRUE,FALSE,TRUE,TRUE,TRUE,TRUE,FALSE,FALSE,TRUE,
S00435,202170,Female,White,21,Arts & Humanities,BFA,English,BFA,1.85,TRUE,FALSE,TRUE,TRUE,TRUE,FALSE,FALSE,TRUE,FALSE,
S00436,202170,Female,White,18,Education,BS,Education Studies,BS,2.32,FALSE,FALSE,TRUE,TRUE,TRUE,TRUE,TRUE,FALSE,FALSE,4
S00437,202170,Female,Hispanic or Latino,22,Arts & Humanities,BFA,Studio Art,BFA,3.64,TRUE,FALSE,TRUE,TRUE,TRUE,TRUE,FALSE,TRUE,FALSE,
S00438,202170,Male,Two or more races,20,Education,BA,Education Studies,BA,3.82,TRUE,FALSE,FALSE,FALSE,TRUE,TRUE,TRUE,FALSE,TRUE,5
S00439,202170,Male,Asian,23,Business,BFA,Finance,BFA,3.01,TRUE,FALSE,TRUE,TRUE,FALSE,FALSE,TRUE,FALSE,TRUE,5
S00440,202170,Nonbinary,Black or African American,18,Arts & Humanities,BFA,Communication,BFA,3.05,FALSE,FALSE,FALSE,TRUE,TRUE,TRUE,TRUE,FALSE,TRUE,5
S00441,202170,Female,White,18,Natural Sciences,BBA,Biology,BBA,2.78,TRUE,FALSE,TRUE,TRUE,TRUE,TRUE,TRUE,FALSE,FALSE,4
S00442,202170,Female,White,25,Education,BA,Teaching,BA,2.63,TRUE,FALSE,TRUE,TRUE,TRUE,TRUE,TRUE,FALSE,TRUE,5
S00443,202170,Female,Two or more races,18,Natural Sciences,BS,Chemistry,BS,3.63,TRUE,TRUE,TRUE,TRUE,FALSE,FALSE,FALSE,TRUE,FALSE,
S00444,202170,Male,Two or more races,25,Business,BBA,Accounting,BBA,2.46,TRUE,FALSE,TRUE,TRUE,TRUE,TRUE,FALSE,FALSE,TRUE,
S00445,202170,Female,Two or more races,24,Natural Sciences,BFA,Chemistry,BFA,2.44,TRUE,FALSE,TRUE,FALSE,FALSE,FALSE,TRUE,FALSE,TRUE,5
S00446,202170,Female,Asian,25,Engineering,BFA,Computer Science,BFA,1.83,TRUE,FALSE,TRUE,TRUE,TRUE,TRUE,TRUE,FALSE,TRUE,5
S00447,202170,Female,Black or African American,25,Natural Sciences,BFA,Chemistry,BFA,2.75,TRUE,FALSE,TRUE,FALSE,FALSE,FALSE,TRUE,FALSE,TRUE,5
S00448,202170,Male,Asian,22,Education,BBA,Teaching,BBA,3.49,TRUE,FALSE,FALSE,FALSE,FALSE,TRUE,TRUE,FALSE,TRUE,5
S00449,202170,Nonbinary,Hispanic or Latino,18,Business,BA,Marketing,BA,3.31,TRUE,FALSE,TRUE,TRUE,TRUE,TRUE,TRUE,FALSE,TRUE,5
S00450,202170,Male,White,22,Education,BA,Human Development,BA,2.49,TRUE,FALSE,TRUE,TRUE,TRUE,TRUE,TRUE,FALSE,TRUE,5
S00451,202170,Nonbinary,Asian,25,Engineering,BFA,Computer Science,BFA,2.83,FALSE,FALSE,TRUE,TRUE,TRUE,TRUE,FALSE,FALSE,TRUE,
S00452,202170,Male,Black or African American,22,Business,BS,Marketing,BS,2.80,TRUE,FALSE,FALSE,FALSE,FALSE,TRUE,TRUE,FALSE,TRUE,5
S00453,202170,Female,Hispanic or Latino,24,Education,BS,Education Studies,BS,2.23,TRUE,TRUE,TRUE,TRUE,TRUE,TRUE,TRUE,FALSE,FALSE,4
S00454,202170,Nonbinary,Asian,25,Business,BS,Finance,BS,2.00,TRUE,FALSE,TRUE,TRUE,TRUE,FALSE,FALSE,TRUE,FALSE,
S00455,202170,Female,Black or African American,22,Natural Sciences,BFA,Biology,BFA,3.84,TRUE,FALSE,FALSE,FALSE,FALSE,FALSE,FALSE,TRUE,FALSE,
S00456,202170,Female,Hispanic or Latino,20,Arts & Humanities,BS,English,BS,3.82,TRUE,TRUE,FALSE,FALSE,FALSE,FALSE,TRUE,FALSE,TRUE,5
S00457,202170,Male,Two or more races,19,Natural Sciences,BS,Biology,BS,1.89,TRUE,FALSE,TRUE,TRUE,TRUE,FALSE,TRUE,FALSE,FALSE,3
S00458,202170,Nonbinary,Hispanic or Latino,20,Business,BA,Marketing,BA,2.35,TRUE,FALSE,TRUE,TRUE,FALSE,TRUE,TRUE,FALSE,FALSE,4
S00459,202170,Male,Hispanic or Latino,24,Education,BS,Human Development,BS,2.48,TRUE,FALSE,TRUE,TRUE,TRUE,TRUE,TRUE,FALSE,TRUE,5
S00460,202170,Female,White,20,Education,BA,Education Studies,BA,2.01,TRUE,TRUE,FALSE,FALSE,FALSE,FALSE,FALSE,TRUE,FALSE,
S00461,202170,Male,Hispanic or Latino,22,Natural Sciences,BA,Chemistry,BA,2.84,TRUE,FALSE,TRUE,TRUE,TRUE,FALSE,FALSE,FALSE,TRUE,
S00462,202170,Male,White,19,Education,BFA,Education Studies,BFA,3.07,TRUE,FALSE,TRUE,TRUE,TRUE,TRUE,TRUE,FALSE,TRUE,5
S00463,202170,Nonbinary,Asian,19,Arts & Humanities,BBA,English,BBA,2.79,TRUE,FALSE,FALSE,FALSE,TRUE,TRUE,TRUE,FALSE,FALSE,4
S00464,202170,Male,Asian,20,Business,BS,Marketing,BS,2.97,TRUE,FALSE,TRUE,TRUE,TRUE,TRUE,TRUE,FALSE,FALSE,4
S00465,202170,Nonbinary,Hispanic or Latino,25,Natural Sciences,BFA,Mathematics,BFA,3.20,TRUE,FALSE,TRUE,TRUE,TRUE,TRUE,TRUE,FALSE,FALSE,4
S00466,202170,Male,Asian,25,Business,BFA,Marketing,BFA,2.62,TRUE,FALSE,TRUE,TRUE,TRUE,TRUE,TRUE,FALSE,TRUE,5
S00467,202170,Male,Hispanic or Latino,18,Business,BS,Finance,BS,3.89,TRUE,FALSE,FALSE,FALSE,FALSE,FALSE,FALSE,TRUE,FALSE,
S00468,202170,Nonbinary,Hispanic or Latino,21,Natural Sciences,BFA,Biology,BFA,2.61,TRUE,FALSE,FALSE,TRUE,TRUE,FALSE,FALSE,FALSE,TRUE,
S00469,202170,Male,Black or African American,22,Business,BA,Accounting,BA,3.44,TRUE,FALSE,TRUE,TRUE,TRUE,TRUE,FALSE,TRUE,FALSE,
S00470,202170,Male,White,23,Business,BS,Accounting,BS,2.99,TRUE,FALSE,TRUE,TRUE,TRUE,TRUE,FALSE,FALSE,TRUE,
S00471,202170,Male,Asian,22,Natural Sciences,BFA,Mathematics,BFA,2.56,TRUE,TRUE,FALSE,FALSE,TRUE,TRUE,TRUE,FALSE,TRUE,5
S00472,202170,Female,Black or African American,19,Arts & Humanities,BS,English,BS,3.23,TRUE,FALSE,TRUE,TRUE,TRUE,TRUE,FALSE,FALSE,TRUE,
S00473,202170,Male,Asian,20,Education,BS,Education Studies,BS,2.77,TRUE,FALSE,TRUE,TRUE,TRUE,TRUE,FALSE,TRUE,FALSE,
S00474,202170,Male,Two or more races,19,Arts & Humanities,BS,Communication,BS,2.23,TRUE,FALSE,TRUE,TRUE,FALSE,TRUE,TRUE,FALSE,TRUE,5
S00475,202170,Female,Two or more races,21,Arts & Humanities,BBA,Studio Art,BBA,2.61,TRUE,FALSE,FALSE,TRUE,TRUE,TRUE,TRUE,FALSE,FALSE,4
S00476,202170,Nonbinary,Two or more races,23,Engineering,BA,Mechanical Engineering,BA,2.43,TRUE,FALSE,TRUE,TRUE,FALSE,TRUE,FALSE,FALSE,TRUE,
S00477,202170,Male,Hispanic or Latino,23,Arts & Humanities,BFA,English,BFA,1.93,FALSE,FALSE,TRUE,TRUE,TRUE,TRUE,TRUE,FALSE,TRUE,5
S00478,202170,Nonbinary,Hispanic or Latino,22,Arts & Humanities,BS,English,BS,2.14,TRUE,FALSE,TRUE,TRUE,TRUE,FALSE,TRUE,FALSE,FALSE,3
S00479,202170,Male,Two or more races,25,Education,BFA,Teaching,BFA,1.85,TRUE,FALSE,TRUE,TRUE,TRUE,TRUE,FALSE,FALSE,TRUE,
S00480,202170,Nonbinary,Hispanic or Latino,21,Arts & Humanities,BA,Communication,BA,1.86,TRUE,FALSE,TRUE,TRUE,TRUE,TRUE,TRUE,FALSE,TRUE,5
S00481,202170,Female,Black or African American,20,Business,BBA,Accounting,BBA,1.87,TRUE,TRUE,TRUE,TRUE,TRUE,TRUE,FALSE,TRUE,FALSE,
S00482,202170,Nonbinary,Asian,25,Arts & Humanities,BS,Communication,BS,2.25,TRUE,FALSE,TRUE,TRUE,TRUE,FALSE,FALSE,TRUE,FALSE,
S00483,202170,Female,Two or more races,24,Business,BA,Finance,BA,3.67,TRUE,FALSE,FALSE,TRUE,TRUE,TRUE,TRUE,FALSE,TRUE,5
S00484,202170,Male,Two or more races,21,Engineering,BS,Mechanical Engineering,BS,2.00,TRUE,FALSE,TRUE,FALSE,FALSE,FALSE,TRUE,FALSE,TRUE,5
S00485,202170,Female,Black or African American,19,Arts & Humanities,BA,Communication,BA,3.65,FALSE,FALSE,TRUE,TRUE,TRUE,TRUE,TRUE,FALSE,FALSE,4
S00486,202170,Male,Hispanic or Latino,19,Natural Sciences,BA,Biology,BA,2.86,TRUE,TRUE,TRUE,TRUE,FALSE,FALSE,TRUE,FALSE,TRUE,5
S00487,202170,Female,Hispanic or Latino,23,Business,BBA,Accounting,BBA,3.25,TRUE,FALSE,TRUE,TRUE,TRUE,TRUE,TRUE,FALSE,FALSE,4
S00488,202170,Male,Two or more races,18,Education,BFA,Teaching,BFA,2.53,TRUE,FALSE,TRUE,FALSE,TRUE,TRUE,FALSE,FALSE,TRUE,
S00489,202170,Male,Hispanic or Latino,18,Education,BS,Human Development,BS,3.49,TRUE,FALSE,TRUE,TRUE,FALSE,TRUE,TRUE,FALSE,TRUE,5
S00490,202170,Male,White,25,Engineering,BA,Electrical Engineering,BA,2.39,TRUE,FALSE,TRUE,TRUE,TRUE,FALSE,FALSE,TRUE,FALSE,
S00491,202170,Nonbinary,Asian,22,Natural Sciences,BFA,Chemistry,BFA,1.88,TRUE,FALSE,TRUE,TRUE,TRUE,TRUE,TRUE,FALSE,TRUE,5
S00492,202170,Male,Black or African American,24,Engineering,BFA,Computer Science,BFA,2.83,TRUE,FALSE,FALSE,FALSE,TRUE,TRUE,FALSE,FALSE,TRUE,
S00493,202170,Nonbinary,Hispanic or Latino,25,Engineering,BFA,Electrical Engineering,BFA,2.05,TRUE,FALSE,TRUE,FALSE,TRUE,TRUE,FALSE,FALSE,TRUE,
S00494,202170,Nonbinary,Hispanic or Latino,18,Education,BFA,Teaching,BFA,2.53,TRUE,FALSE,TRUE,TRUE,TRUE,TRUE,TRUE,FALSE,TRUE,5
S00495,202170,Female,Hispanic or Latino,25,Education,BBA,Teaching,BBA,2.20,TRUE,FALSE,TRUE,TRUE,TRUE,TRUE,FALSE,FALSE,TRUE,
S00496,202170,Female,Black or African American,25,Business,BBA,Accounting,BBA,2.06,TRUE,FALSE,TRUE,TRUE,TRUE,TRUE,FALSE,TRUE,FALSE,
S00497,202170,Male,Black or African American,19,Arts & Humanities,BS,Studio Art,BS,2.11,TRUE,FALSE,TRUE,TRUE,TRUE,TRUE,TRUE,FALSE,FALSE,4
S00498,202170,Female,Hispanic or Latino,21,Engineering,BFA,Computer Science,BFA,3.50,TRUE,FALSE,TRUE,TRUE,TRUE,FALSE,FALSE,FALSE,TRUE,
S00499,202170,Female,Black or African American,18,Engineering,BFA,Electrical Engineering,BFA,2.65,TRUE,FALSE,TRUE,TRUE,TRUE,FALSE,FALSE,TRUE,FALSE,
S00500,202170,Nonbinary,Two or more races,21,Engineering,BFA,Mechanical Engineering,BFA,1.81,TRUE,FALSE,TRUE,TRUE,TRUE,TRUE,TRUE,FALSE,FALSE,4
S00501,202170,Nonbinary,Two or more races,22,Business,BA,Marketing,BA,2.13,TRUE,FALSE,TRUE,TRUE,TRUE,TRUE,FALSE,FALSE,TRUE,
S00502,202170,Male,Black or African American,25,Arts & Humanities,BBA,English,BBA,3.05,TRUE,FALSE,TRUE,TRUE,TRUE,TRUE,TRUE,FALSE,FALSE,4
S00503,202170,Nonbinary,Black or African American,25,Natural Sciences,BA,Chemistry,BA,3.61,TRUE,FALSE,FALSE,FALSE,FALSE,FALSE,FALSE,TRUE,FALSE,
S00504,202170,Male,Black or African American,20,Natural Sciences,BFA,Chemistry,BFA,2.34,TRUE,FALSE,FALSE,FALSE,FALSE,FALSE,TRUE,FALSE,TRUE,5
S00505,202170,Nonbinary,Black or African American,18,Education,BS,Teaching,BS,3.29,TRUE,FALSE,TRUE,TRUE,TRUE,TRUE,TRUE,FALSE,TRUE,5
S00506,202170,Female,Hispanic or Latino,25,Business,BFA,Marketing,BFA,3.53,TRUE,FALSE,TRUE,TRUE,TRUE,TRUE,FALSE,FALSE,TRUE,
S00507,202170,Female,Asian,24,Natural Sciences,BBA,Chemistry,BBA,2.75,TRUE,TRUE,FALSE,FALSE,FALSE,TRUE,FALSE,FALSE,TRUE,
S00508,202170,Male,Black or African American,25,Natural Sciences,BFA,Chemistry,BFA,3.87,TRUE,FALSE,FALSE,FALSE,FALSE,TRUE,TRUE,FALSE,FALSE,4
S00509,202170,Nonbinary,Two or more races,25,Arts & Humanities,BFA,Communication,BFA,3.53,TRUE,FALSE,TRUE,TRUE,TRUE,TRUE,TRUE,FALSE,FALSE,4
S00510,202170,Nonbinary,Asian,18,Engineering,BFA,Computer Science,BFA,3.93,TRUE,FALSE,TRUE,TRUE,TRUE,TRUE,TRUE,FALSE,FALSE,4
S00511,202170,Male,White,23,Arts & Humanities,BBA,English,BBA,2.86,TRUE,FALSE,TRUE,TRUE,TRUE,TRUE,FALSE,FALSE,TRUE,
S00512,202170,Male,Two or more races,18,Engineering,BBA,Computer Science,BBA,2.09,TRUE,TRUE,TRUE,TRUE,TRUE,TRUE,FALSE,TRUE,FALSE,
S00513,202170,Male,Black or African American,23,Business,BA,Finance,BA,2.24,TRUE,FALSE,TRUE,TRUE,TRUE,TRUE,TRUE,FALSE,TRUE,5
S00514,202170,Male,Asian,24,Engineering,BA,Electrical Engineering,BA,3.70,TRUE,FALSE,TRUE,TRUE,FALSE,FALSE,FALSE,TRUE,FALSE,
S00515,202170,Nonbinary,Hispanic or Latino,22,Natural Sciences,BA,Biology,BA,2.38,TRUE,FALSE,TRUE,TRUE,TRUE,TRUE,TRUE,FALSE,TRUE,5
S00516,202170,Female,White,22,Business,BA,Finance,BA,2.31,TRUE,TRUE,TRUE,TRUE,FALSE,TRUE,TRUE,FALSE,FALSE,4
S00517,202170,Male,White,20,Engineering,BA,Electrical Engineering,BA,3.90,TRUE,FALSE,TRUE,TRUE,TRUE,FALSE,TRUE,FALSE,TRUE,5
S00518,202170,Nonbinary,White,24,Arts & Humanities,BBA,Studio Art,BBA,2.81,TRUE,FALSE,TRUE,TRUE,TRUE,TRUE,FALSE,FALSE,TRUE,
S00519,202170,Female,Two or more races,23,Arts & Humanities,BS,Communication,BS,1.89,FALSE,FALSE,FALSE,TRUE,TRUE,TRUE,TRUE,FALSE,TRUE,5
S00520,202170,Female,Asian,22,Business,BBA,Finance,BBA,1.90,TRUE,FALSE,FALSE,FALSE,FALSE,FALSE,TRUE,FALSE,TRUE,5
S00521,202170,Female,Hispanic or Latino,21,Natural Sciences,BS,Mathematics,BS,2.09,TRUE,FALSE,TRUE,FALSE,FALSE,FALSE,FALSE,TRUE,FALSE,
S00522,202170,Male,Two or more races,21,Arts & Humanities,BFA,Communication,BFA,3.17,TRUE,FALSE,TRUE,TRUE,TRUE,TRUE,TRUE,FALSE,FALSE,4
S00523,202170,Nonbinary,Two or more races,25,Arts & Humanities,BFA,Communication,BFA,1.84,TRUE,FALSE,TRUE,TRUE,TRUE,TRUE,TRUE,FALSE,FALSE,4
S00524,202170,Female,Hispanic or Latino,21,Education,BS,Human Development,BS,2.95,FALSE,FALSE,TRUE,TRUE,TRUE,TRUE,TRUE,FALSE,TRUE,5
S00525,202170,Male,Black or African American,21,Arts & Humanities,BS,Communication,BS,3.15,TRUE,TRUE,TRUE,TRUE,TRUE,TRUE,TRUE,FALSE,TRUE,5
S00526,202170,Female,Two or more races,19,Arts & Humanities,BFA,Communication,BFA,2.79,TRUE,FALSE,TRUE,TRUE,TRUE,FALSE,FALSE,TRUE,FALSE,
S00527,202170,Male,Two or more races,18,Business,BA,Marketing,BA,3.26,TRUE,FALSE,TRUE,TRUE,TRUE,TRUE,FALSE,FALSE,TRUE,
S00528,202170,Male,Two or more races,23,Education,BBA,Human Development,BBA,3.12,TRUE,FALSE,TRUE,TRUE,TRUE,TRUE,TRUE,FALSE,FALSE,4
S00529,202170,Male,Asian,18,Natural Sciences,BBA,Chemistry,BBA,3.46,TRUE,FALSE,TRUE,TRUE,TRUE,TRUE,TRUE,FALSE,TRUE,5
S00530,202170,Nonbinary,Hispanic or Latino,21,Business,BFA,Marketing,BFA,3.31,TRUE,FALSE,TRUE,TRUE,TRUE,TRUE,TRUE,FALSE,FALSE,4
S00531,202170,Female,White,22,Natural Sciences,BA,Mathematics,BA,3.77,TRUE,FALSE,TRUE,TRUE,TRUE,TRUE,TRUE,FALSE,TRUE,5
S00532,202170,Male,Hispanic or Latino,25,Education,BBA,Human Development,BBA,1.91,TRUE,TRUE,FALSE,FALSE,FALSE,TRUE,FALSE,FALSE,TRUE,
S00533,202170,Female,Black or African American,21,Business,BS,Marketing,BS,2.29,TRUE,FALSE,TRUE,FALSE,FALSE,TRUE,FALSE,TRUE,FALSE,
S00534,202170,Female,Black or African American,22,Engineering,BBA,Mechanical Engineering,BBA,2.23,TRUE,TRUE,TRUE,TRUE,TRUE,TRUE,TRUE,FALSE,FALSE,4
S00535,202170,Male,Hispanic or Latino,19,Education,BBA,Human Development,BBA,2.59,TRUE,FALSE,TRUE,TRUE,TRUE,TRUE,TRUE,FALSE,TRUE,5
S00536,202170,Nonbinary,Two or more races,21,Education,BS,Human Development,BS,3.95,TRUE,FALSE,TRUE,TRUE,TRUE,TRUE,TRUE,FALSE,FALSE,4
S00537,202170,Nonbinary,Asian,20,Arts & Humanities,BA,English,BA,2.52,TRUE,FALSE,TRUE,TRUE,TRUE,TRUE,FALSE,TRUE,FALSE,
S00538,202170,Male,Two or more races,23,Education,BS,Teaching,BS,2.23,TRUE,FALSE,TRUE,TRUE,TRUE,FALSE,FALSE,TRUE,FALSE,
S00539,202170,Female,Asian,19,Arts & Humanities,BA,Studio Art,BA,3.21,TRUE,FALSE,TRUE,TRUE,TRUE,TRUE,TRUE,FALSE,FALSE,4
S00540,202170,Female,Hispanic or Latino,18,Education,BS,Teaching,BS,3.65,TRUE,FALSE,TRUE,TRUE,TRUE,TRUE,TRUE,FALSE,FALSE,4
S00541,202170,Nonbinary,Two or more races,23,Arts & Humanities,BA,Communication,BA,3.73,TRUE,FALSE,TRUE,TRUE,TRUE,TRUE,TRUE,FALSE,FALSE,4
S00542,202170,Male,Hispanic or Latino,20,Arts & Humanities,BS,Studio Art,BS,3.39,TRUE,FALSE,TRUE,TRUE,TRUE,TRUE,FALSE,TRUE,FALSE,
S00543,202170,Male,Two or more races,23,Business,BBA,Finance,BBA,2.79,TRUE,FALSE,TRUE,FALSE,TRUE,TRUE,TRUE,FALSE,FALSE,4
S00544,202170,Female,Asian,20,Arts & Humanities,BS,Communication,BS,2.87,TRUE,FALSE,TRUE,TRUE,TRUE,TRUE,TRUE,FALSE,FALSE,4
S00545,202170,Female,White,25,Natural Sciences,BS,Mathematics,BS,2.88,TRUE,FALSE,FALSE,TRUE,TRUE,TRUE,TRUE,FALSE,TRUE,5
S00546,202170,Male,Hispanic or Latino,22,Arts & Humanities,BA,Studio Art,BA,2.08,TRUE,FALSE,TRUE,TRUE,FALSE,FALSE,FALSE,TRUE,FALSE,
S00547,202170,Female,Two or more races,25,Engineering,BS,Mechanical Engineering,BS,2.43,TRUE,FALSE,FALSE,FALSE,TRUE,FALSE,FALSE,TRUE,FALSE,
S00548,202170,Male,Black or African American,19,Education,BS,Education Studies,BS,2.19,TRUE,FALSE,TRUE,TRUE,TRUE,TRUE,TRUE,FALSE,TRUE,5
S00549,202170,Female,Two or more races,24,Natural Sciences,BFA,Biology,BFA,3.68,TRUE,FALSE,FALSE,FALSE,FALSE,TRUE,TRUE,FALSE,FALSE,4
S00550,202170,Nonbinary,Two or more races,24,Engineering,BBA,Computer Science,BBA,3.10,TRUE,FALSE,FALSE,TRUE,TRUE,TRUE,TRUE,FALSE,TRUE,5
S00551,202170,Male,Black or African American,18,Arts & Humanities,BS,Studio Art,BS,3.04,TRUE,FALSE,TRUE,TRUE,TRUE,TRUE,TRUE,FALSE,TRUE,5
S00552,202170,Female,Hispanic or Latino,18,Business,BFA,Finance,BFA,2.66,TRUE,TRUE,TRUE,TRUE,FALSE,FALSE,TRUE,FALSE,TRUE,5
S00553,202170,Female,Black or African American,21,Education,BBA,Education Studies,BBA,3.36,TRUE,FALSE,TRUE,TRUE,TRUE,TRUE,FALSE,TRUE,FALSE,
S00554,202170,Nonbinary,Black or African American,21,Engineering,BBA,Electrical Engineering,BBA,3.64,TRUE,FALSE,TRUE,TRUE,TRUE,TRUE,TRUE,FALSE,TRUE,5
S00555,202170,Nonbinary,Two or more races,25,Arts & Humanities,BBA,English,BBA,2.09,TRUE,FALSE,TRUE,TRUE,TRUE,TRUE,FALSE,FALSE,TRUE,
S00556,202170,Nonbinary,White,22,Arts & Humanities,BFA,English,BFA,3.99,TRUE,FALSE,TRUE,TRUE,FALSE,FALSE,FALSE,FALSE,TRUE,
S00557,202170,Male,Two or more races,18,Education,BBA,Teaching,BBA,3.10,TRUE,FALSE,TRUE,TRUE,TRUE,TRUE,TRUE,FALSE,FALSE,4
S00558,202170,Male,Hispanic or Latino,21,Engineering,BBA,Computer Science,BBA,2.28,TRUE,TRUE,TRUE,TRUE,TRUE,TRUE,TRUE,FALSE,FALSE,4
S00559,202170,Nonbinary,Two or more races,25,Arts & Humanities,BA,Communication,BA,2.87,TRUE,FALSE,TRUE,TRUE,TRUE,TRUE,TRUE,FALSE,FALSE,4
S00560,202170,Nonbinary,Asian,19,Arts & Humanities,BS,Studio Art,BS,2.96,TRUE,FALSE,TRUE,TRUE,FALSE,FALSE,TRUE,FALSE,TRUE,5
S00561,202170,Nonbinary,Hispanic or Latino,25,Arts & Humanities,BFA,Studio Art,BFA,3.22,TRUE,FALSE,TRUE,TRUE,TRUE,TRUE,FALSE,FALSE,TRUE,
S00562,202170,Male,Hispanic or Latino,21,Arts & Humanities,BS,English,BS,2.79,TRUE,FALSE,TRUE,FALSE,TRUE,TRUE,TRUE,FALSE,TRUE,5
S00563,202170,Male,Two or more races,24,Education,BA,Teaching,BA,3.86,TRUE,FALSE,TRUE,TRUE,TRUE,TRUE,FALSE,FALSE,TRUE,
S00564,202170,Male,Hispanic or Latino,22,Natural Sciences,BS,Chemistry,BS,2.69,TRUE,FALSE,TRUE,TRUE,TRUE,TRUE,FALSE,FALSE,TRUE,
S00565,202170,Male,White,22,Arts & Humanities,BFA,Communication,BFA,3.81,TRUE,TRUE,TRUE,TRUE,TRUE,TRUE,FALSE,FALSE,TRUE,
S00566,202170,Female,White,20,Arts & Humanities,BA,Communication,BA,3.73,TRUE,FALSE,TRUE,TRUE,TRUE,TRUE,FALSE,FALSE,TRUE,
S00567,202170,Female,White,20,Engineering,BA,Computer Science,BA,2.55,TRUE,FALSE,TRUE,TRUE,TRUE,TRUE,TRUE,FALSE,TRUE,5
S00568,202170,Male,White,20,Arts & Humanities,BA,Communication,BA,3.55,TRUE,FALSE,TRUE,TRUE,TRUE,TRUE,FALSE,TRUE,FALSE,
S00569,202170,Nonbinary,Hispanic or Latino,22,Business,BBA,Finance,BBA,1.94,TRUE,FALSE,TRUE,TRUE,TRUE,TRUE,FALSE,FALSE,TRUE,
S00570,202170,Female,Asian,19,Business,BBA,Accounting,BBA,1.89,TRUE,FALSE,TRUE,TRUE,TRUE,TRUE,FALSE,FALSE,TRUE,
S00571,202170,Female,Two or more races,20,Arts & Humanities,BA,English,BA,2.42,TRUE,FALSE,FALSE,FALSE,TRUE,TRUE,TRUE,FALSE,FALSE,4
S00572,202170,Male,Asian,22,Business,BS,Marketing,BS,2.71,TRUE,FALSE,TRUE,TRUE,TRUE,TRUE,TRUE,FALSE,TRUE,5
S00573,202170,Male,Two or more races,21,Engineering,BBA,Electrical Engineering,BBA,2.45,TRUE,FALSE,TRUE,TRUE,TRUE,TRUE,TRUE,FALSE,TRUE,5
S00574,202170,Female,Black or African American,24,Natural Sciences,BBA,Chemistry,BBA,3.08,TRUE,FALSE,TRUE,TRUE,TRUE,TRUE,FALSE,TRUE,FALSE,
S00575,202170,Female,Asian,22,Business,BA,Finance,BA,3.95,TRUE,FALSE,TRUE,TRUE,TRUE,TRUE,TRUE,FALSE,TRUE,5
S00576,202170,Male,Two or more races,24,Natural Sciences,BS,Chemistry,BS,3.63,TRUE,FALSE,TRUE,TRUE,TRUE,FALSE,TRUE,FALSE,FALSE,3
S00577,202170,Nonbinary,White,25,Education,BFA,Education Studies,BFA,3.56,TRUE,FALSE,TRUE,FALSE,FALSE,FALSE,FALSE,TRUE,FALSE,
S00578,202170,Male,White,20,Education,BA,Teaching,BA,2.58,TRUE,FALSE,TRUE,TRUE,TRUE,TRUE,TRUE,FALSE,FALSE,4
S00579,202170,Nonbinary,White,20,Arts & Humanities,BS,Communication,BS,2.41,TRUE,TRUE,TRUE,TRUE,TRUE,TRUE,TRUE,FALSE,TRUE,5
S00580,202170,Nonbinary,Black or African American,22,Natural Sciences,BFA,Mathematics,BFA,3.91,TRUE,FALSE,FALSE,FALSE,TRUE,TRUE,TRUE,FALSE,FALSE,4
S00581,202170,Male,Black or African American,22,Arts & Humanities,BFA,Communication,BFA,3.06,TRUE,FALSE,TRUE,TRUE,FALSE,FALSE,FALSE,FALSE,TRUE,
S00582,202170,Male,Hispanic or Latino,19,Education,BFA,Education Studies,BFA,3.31,TRUE,FALSE,TRUE,TRUE,TRUE,TRUE,TRUE,FALSE,TRUE,5
S00583,202170,Female,Black or African American,24,Business,BS,Accounting,BS,2.67,TRUE,FALSE,TRUE,TRUE,TRUE,TRUE,TRUE,FALSE,TRUE,5
S00584,202170,Nonbinary,Asian,19,Education,BA,Human Development,BA,3.23,FALSE,TRUE,TRUE,TRUE,TRUE,TRUE,TRUE,FALSE,TRUE,5
S00585,202170,Female,Black or African American,21,Engineering,BS,Computer Science,BS,2.05,TRUE,FALSE,TRUE,TRUE,TRUE,TRUE,TRUE,FALSE,FALSE,4
S00586,202170,Male,Two or more races,20,Natural Sciences,BBA,Biology,BBA,1.87,TRUE,FALSE,FALSE,FALSE,FALSE,FALSE,FALSE,TRUE,FALSE,
S00587,202170,Male,Two or more races,25,Engineering,BA,Mechanical Engineering,BA,2.51,TRUE,FALSE,TRUE,TRUE,TRUE,TRUE,TRUE,FALSE,TRUE,5
S00588,202170,Male,Black or African American,21,Arts & Humanities,BFA,Communication,BFA,2.82,TRUE,TRUE,FALSE,FALSE,TRUE,TRUE,TRUE,FALSE,FALSE,4
S00589,202170,Male,Black or African American,21,Natural Sciences,BBA,Mathematics,BBA,3.70,TRUE,FALSE,TRUE,TRUE,TRUE,TRUE,TRUE,FALSE,TRUE,5
S00590,202170,Female,Asian,21,Education,BFA,Teaching,BFA,3.33,TRUE,FALSE,TRUE,TRUE,TRUE,TRUE,TRUE,FALSE,FALSE,4
S00591,202170,Nonbinary,Asian,22,Engineering,BS,Computer Science,BS,2.88,TRUE,FALSE,TRUE,TRUE,TRUE,TRUE,FALSE,FALSE,TRUE,
S00592,202170,Nonbinary,Black or African American,22,Education,BFA,Human Development,BFA,3.50,TRUE,FALSE,FALSE,TRUE,TRUE,TRUE,TRUE,FALSE,TRUE,5
S00593,202170,Female,White,24,Natural Sciences,BS,Chemistry,BS,1.94,FALSE,FALSE,TRUE,TRUE,TRUE,TRUE,TRUE,FALSE,TRUE,5
S00594,202170,Female,Two or more races,23,Natural Sciences,BS,Biology,BS,1.96,TRUE,FALSE,TRUE,TRUE,TRUE,TRUE,TRUE,FALSE,TRUE,5
S00595,202170,Female,Asian,25,Engineering,BA,Mechanical Engineering,BA,2.79,TRUE,FALSE,FALSE,FALSE,FALSE,FALSE,FALSE,TRUE,FALSE,
S00596,202170,Female,White,24,Business,BA,Finance,BA,2.99,TRUE,FALSE,TRUE,FALSE,FALSE,TRUE,TRUE,FALSE,FALSE,4
S00597,202170,Nonbinary,Two or more races,25,Education,BS,Teaching,BS,2.76,TRUE,FALSE,FALSE,FALSE,FALSE,FALSE,FALSE,FALSE,TRUE,
S00598,202170,Nonbinary,Black or African American,21,Education,BBA,Education Studies,BBA,2.68,TRUE,FALSE,TRUE,TRUE,TRUE,TRUE,FALSE,FALSE,TRUE,
S00599,202170,Nonbinary,Two or more races,23,Natural Sciences,BS,Mathematics,BS,3.58,TRUE,FALSE,FALSE,FALSE,FALSE,FALSE,FALSE,FALSE,TRUE,
S00600,202170,Nonbinary,Two or more races,20,Arts & Humanities,BA,Communication,BA,3.54,TRUE,FALSE,FALSE,FALSE,FALSE,TRUE,FALSE,TRUE,FALSE,
